sequence,target
TATCTTCAACCTAGGACTTTTCTATTa,S2
CGCAGAGCCTTCAGGTCAGAACCCGCt,RPP30
ATAGAACAACCTAGGACTTTTCTATTa,S2_spike
TGGACTACCTAGGACTGCGCGACTAAa,S2_spike_005
CACCTCGTAGGACTTCTGAAATAGCCa,S2_spike_006
GCTTGGTGGATCTCAGAACGCGGCGGa,S2_spike_007
GTGTATCTCACGAAGCGACCCTTTGGa,S2_spike_001
CCTCGCTAGGACGTCGCTATGACGCCa,S2_spike_002
AGCACGACTTGATCTAACTGACACTAa,S2_spike_003
TAAGTAGGACTTCGATTGGATGGAATa,S2_spike_004
TGGTTTCGTAATGCGGGGTGCATTTCg,N1_spike
ACCAAACGTAATGCGGGGTGCATTTCg,N1
TGGCACAACGCAGTGTGTTGAGCTCCc,FluA_5_spike
GCTTAAATAATAGTAGGAACGTTCGAg,FluA_12_spike
CTGTAATGAGTCGTAGACAAGGATAAg,FluB_11_spike
AATTTTAGGATTTGTGTTCACGCTCAC,FluA_5
GATTTTAGGGTTTGTTTTCACGCTCAC,FluA_5
GATTTTAGGATTTGTGTTCACGCTCAC,FluA_5
GATTTTAGGGTTTGTGTTCACGCTCAC,FluA_5
GATTTTGGGGTTTGTGTTCACGCTCAC,FluA_5
GATTTTGGGATTTGTATTCACGCTCAC,FluA_5
GATTTTGGGATTTGTGTTCACGCTCAC,FluA_5
GATTTTAGGATTTGTGTTTACGCTCAC,FluA_5
GATCTTGGGATTTGTATTCACGCTCAC,FluA_5
GATTTTAGGATTTGTATTCACGCTCAC,FluA_5
GATGTTAGGATTTGTGTTTACGCTCAC,FluA_5
GATGTTGGGATTTGTATTCACGCTCAC,FluA_5
AATTCTGGGATTTGTGTTCACGCTCAC,FluA_5
AATTTTAGGGTTTGTGTTCACGCTCAC,FluA_5
GATTTTAGGATTTGTTTTCACGCTCAC,FluA_5
GGTGTTAGGGTTTGTGTTCACGCTCAC,FluA_5
AATTTTGGGATTTGTATTCACGCTCAC,FluA_5
AATTTTAGGGTTTATTTTTACGCTCAC,FluA_5
AATTTTGGGATTTGTGTTCACGCTCAC,FluA_5
GATTTTAGGGTTTGTGTTTACGCTCAC,FluA_5
GATTTTAGGTTTTGTGTTCACGCTCAC,FluA_5
GATTTTAGGATTCGTGTTCACGCTCAC,FluA_5
AATTTTGGGATTCGTATTCACGCTCAC,FluA_5
GATATTGGGATTTGTATTCACGCTCAC,FluA_5
AATTTTAGGATTTGTATTCACGCTCAC,FluA_5
AATTCTGGGGTTTGTGTTCACGCTCAC,FluA_5
GATTTTAGGGTTTGTTTTTACGCTCAC,FluA_5
GATTTTAGGATTTGTGTTCACACTCAC,FluA_5
AATTTTAGGATTTGTGTTTACGCTCAC,FluA_5
GATTTTAGGGTTCGTGTTCACGCTCAC,FluA_5
AATCTTGGGATTTGTGTTCACGCTCAC,FluA_5
GATTTTGGGGTTCGTGTTCACGCTCAC,FluA_5
GATTCTAGGATTTGTGTTCACGCTCAC,FluA_5
GATCTTAGGATTTGTGTTCACGCTCAC,FluA_5
GATCTTAGGATTTGTATTCACGCTCAC,FluA_5
GGTGTTAGGATTTGTGTTCACGCTCAC,FluA_5
TATTTTAGGATTTGTGTTCACGCTCAC,FluA_5
GATTTTAGGATTTGTTTTTACGCTCAC,FluA_5
GATATTGGGATTTGTGTTCACGCTCAC,FluA_5
AATCTTGGGATTTGTATTCACGCTCAC,FluA_5
AATTTTGGGGTTTGTGTTCACGCTCAC,FluA_5
GATCCTGGGGTTTGTGTTCACGCTCAC,FluA_5
GATTCTGGGATTTGTGTTCACGCTCAC,FluA_5
GATTCTGGGGTTTGTGTTCACGCTCAC,FluA_5
GATTTTGGGGTTTGTGTTTACGCTCAC,FluA_5
GATTCTAGGGTTTGTTTTCACGCTCAC,FluA_5
GATTTTAGGGTTTGTATTCACGCTCAC,FluA_5
AATGTTGGGATTTGTATTCACGCTCAC,FluA_5
GATGTTAGGTTTTGTGTTTACGCTCAC,FluA_5
AATTCTAGGATTTGTGTTCACGCTCAC,FluA_5
AATTTTGGGATTCGTGTTCACGCTCAC,FluA_5
GATCTTGGGATTTGTGTTCACGCTCAC,FluA_5
TATTTTAGGGTTTGTGTTCACGCTCAC,FluA_5
GATTTTGGGTTTTGTGTTCACGCTCAC,FluA_5
AATTTTAGGATTCGTATTCACGCTCAC,FluA_5
AATTTTGGGGTTCATTTTTACGCTCAC,FluA_5
AATTCTGGGATTCGTGTTCACGCTCAC,FluA_5
AATTTTAGGATTCGTGTTCACGCTCAC,FluA_5
GATTTTAGGTTTTGTTTTCACGCTCAC,FluA_5
GATCTTAGGGTTTGTTTTCACGCTCAC,FluA_5
GATTCTAGGGTTTGTGTTCACGCTCAC,FluA_5
GATTTTGGGATTCGTATTCACGCTCAC,FluA_5
GATTTTAGGATTCGTATTCACGCTCAC,FluA_5
TATTCTAGGGTTTGTGTTCACGCTCAC,FluA_5
AATTTTAGGATTTGTGTTCACACTCAC,FluA_5
GATTTTGGGGTTTGTATTCACGCTCAC,FluA_5
GATCTTGGGGTTTGTGTTCACGCTCAC,FluA_5
AATTTTAGGGTTCGTGTTCACGCTCAC,FluA_5
GATTTTAGGATTTATTTTTACGCTCAC,FluA_5
GATGTTAGGGTTTGTGTTTACGCTCAC,FluA_5
GATTTTAGGATTTGTGTTTACACTCAC,FluA_5
AATTTTAGGGTTTGTTTTCACGCTCAC,FluA_5
GATTTTAGGGTTCGTGTTTACGCTCAC,FluA_5
GATTTTGGGATTTGTGTTTACGCTCAC,FluA_5
GGTTTTAGGATTTGTGTTCACGCTCAC,FluA_5
GATCTTAGGGTTTGTGTTCACGCTCAC,FluA_5
GATTTTAGGATTTGTATTTACGCTCAC,FluA_5
GATTTTGGGATTCGTGTTCACGCTCAC,FluA_5
GATTTTAGGCTTTGTGTTCACGCTCAC,FluA_5
GGTGTTAGGGTTTGTATTCACGCTCAC,FluA_5
AATTTTAGGATTTGTTTTCACGCTCAC,FluA_5
AATCTTAGGATTTGTGTTCACGCTCAC,FluA_5
AATTTTAGGGTTTGTTTTTACGCTCAC,FluA_5
GATATTAGGATTTGTATTCACGCTCAC,FluA_5
GATTTTGGGGTTCGTGTTTACGCTCAC,FluA_5
GATTTTAGGGTTTGTCTTCACGCTCAC,FluA_5
CATTTTGGGATTTGTGTTCACGCTCAC,FluA_5
GATTTTAGGGTTCGTTTTCACGCTCAC,FluA_5
GATTTTAGGGTTTGTTTTCACACTCAC,FluA_5
GATACTGGGATTTGTATTCACGCTCAC,FluA_5
GATCTTGGGATTCGTATTCACGCTCAC,FluA_5
GATTTTAGGATTTGTATTCACACTCAC,FluA_5
GATTTTGGGGTTTGTTTTCACGCTCAC,FluA_5
AATTTTAGGGTTTGTGTTTACGCTCAC,FluA_5
GATGTTAGGATTTGTATTCACGCTCAC,FluA_5
GATGTTAGGATTTGTGTTCACGCTCAC,FluA_5
GATTTTAGGGTTTATTTTTACGCTCAC,FluA_5
CATTTTGGGATTTGTATTCACGCTCAC,FluA_5
GATTTTAGGATTTATATTCACGCTCAC,FluA_5
AATTTTGGGATTTATATTCACGCTCAC,FluA_5
GATTTTAGGACTTGTGTTCACGCTCAC,FluA_5
GATCCTAGGATTTGTGTTCACGCTCAC,FluA_5
AATTCTGGGATTTGTATTCACGCTCAC,FluA_5
GATTTTGGGATTTGTGTTCACACTCAC,FluA_5
AATTTTAGGACTTGTGTTCACGCTCAC,FluA_5
AATTTTAGGATTTATTTTTACGCTCAC,FluA_5
GATTTTGGGATTTGTATTCACACTCAC,FluA_5
AATCCTGGGATTTGTGTTCACGCTCAC,FluA_5
AATTTTAGGATTAGTGTTCACGCTCAC,FluA_5
AATTTTAGGATTTATGTTCACGCTCAC,FluA_5
AATTTTAGGGTTCGTGTTTACGCTCAC,FluA_5
AATTTTAGGTTTTGTGTTCACGCTCAC,FluA_5
AATTGTAGGATTTGTGTTCACGCTCAC,FluA_5
CATTTTAGGATTTGTGTTCACGCTCAC,FluA_5
GATTTTAGGAGTTGTGTTCACGCTCAC,FluA_5
GATTTTAGGATTTGTCTTTACGCTCAC,FluA_5
GATTTTAGGGTTTGTGTTCACACTCAC,FluA_5
GATTTTGGGATTCGTGTTTACGCTCAC,FluA_5
GATTTTGGGTTTTGTGTTTACGCTCAC,FluA_5
AATATTGGGATTTGTATTCACGCTCAC,FluA_5
AATTTTAGGATTTGTGTACACGCTCAC,FluA_5
AATTTTAGGCTTTGTGTTCACGCTCAC,FluA_5
GATCTTAGGATTTGTTTTTACGCTCAC,FluA_5
GATGTTAGGGTTCGTGTTTACGCTCAC,FluA_5
GATTTTAGGGCTTGTGTTCACGCTCAC,FluA_5
GATTTTAGGGTTTATTTTCACGCTCAC,FluA_5
AATTTTAGGATTCGTATTTACGCTCAC,FluA_5
AATTTTAGGATTTRTGTTCACGCTCAC,FluA_5
AATTTTGGGATTTGTGTTTACGCTCAC,FluA_5
AATTTTGGGGTTCGTGTTCACGCTCAC,FluA_5
AATTTTGGGTTTCATTTTTACGCTCAC,FluA_5
GATATTAGGATTTGTGTTCACGCTCAC,FluA_5
GATCTTGGGGTTCGTGTTCACGCTCAC,FluA_5
GATTTTAGGATTCGTGTTTACGCTCAC,FluA_5
GATTTTAGGATTTGTGTACACGCTCAC,FluA_5
GATTTTAGGGGTTGTGTTCACGCTCAC,FluA_5
GATTTTAGGTTTGGTGTTCACGCTCAC,FluA_5
GATTTTGGGATTTGTATTTACGCTCAC,FluA_5
RATTTTAGGATTTGTGTTCACGCTCAC,FluA_5
AATCTTGGGATTTGTRTTCACGCTCAC,FluA_5
AATTTTAGGATTTGTRTTCACGCTCAC,FluA_5
AATTTTGGGATTCGTATTTACGCTCAC,FluA_5
GATATTAGGGTTTGTGTTCACGCTCAC,FluA_5
GATATTAGGGTTTGTGTTTACGCTCAC,FluA_5
GATGTTGGGATTTGTGTTTACGCTCAC,FluA_5
GATTCTAGGATTTGTGTTTACGCTCAC,FluA_5
GATTTTAGGGTTTATATTCACGCTCAC,FluA_5
GATTTTGGGAGTTGTATTCACGCTCAC,FluA_5
GGTGTTAGGGTTTGTGTTTACGCTCAC,FluA_5
GGTTTTAGGGTTTGTGTTTACGCTCAC,FluA_5
TATTCTAGGATTTGTGTTCACGCTCAC,FluA_5
TATTTTAGGTTTTGTGTTCACGCTCAC,FluA_5
AATGTTAGGATTTGTGTTCACGCTCAC,FluA_5
AATTCTAGGCTTTGTGTTCACGCTCAC,FluA_5
AATTTTAGGATGTGTGTTCACGCTCAC,FluA_5
AATTTTGGGGTTCGTATTCACGCTCAC,FluA_5
AATTTTGGGGTTCGTGTTTACGCTCAC,FluA_5
AGTTTTAGGATTTGTGTTCACGCTCAC,FluA_5
GATATTGGGATTTGTATTTACGCTCAC,FluA_5
GATCTTAGGGTTTGTGTTTACGCTCAC,FluA_5
GATCTTGGGATTTGTATTCACACTCAC,FluA_5
GATCTTGGGATTTGTTTTCACGCTCAC,FluA_5
GATGTTGGGATTTGTGTTCACGCTCAC,FluA_5
GATTCTGGGATTTGTATTCACGCTCAC,FluA_5
GATTTTAGGATTTATTTTCACGCTCAC,FluA_5
GATTTTAGGATTTGTCTTCACGCTCAC,FluA_5
GATTTTAGGATTTGTGTTCACGCTCGC,FluA_5
GATTTTAGGCTTCGTGTTCACGCTCAC,FluA_5
GATTTTGGGATTTATATTCACGCTCAC,FluA_5
GATTTTGGGGTTTGTGTTCACACTCAC,FluA_5
GATTTTGGGGTTTGTTTTTACGCTCAC,FluA_5
TATTTTGGGGTTTGTGTTCACGCTCAC,FluA_5
AATGTTAGGATTTGTGTTTACGCTCAC,FluA_5
AATTCTAGGATTCGTGTTCACGCTCAC,FluA_5
AATTCTGGGGTTTGTATTCACGCTCAC,FluA_5
AATTCTGGGGTTTGTGTTTACGCTCAC,FluA_5
AATTCTTGGATTTGTGTTCACGCTCAC,FluA_5
AATTGTGGGATTCGTGTTCACGCTCAC,FluA_5
CATTTTAGGGTTTGTGTTCACGCTCAC,FluA_5
GATCTTGGGAGTTGTATTCACGCTCAC,FluA_5
GATCTTGGGATTTGTATTTACGCTCAC,FluA_5
GATCTTGGGATTTGTGTTCACACTCAC,FluA_5
GATGTTAGGTTTTGTATTTACGCTCAC,FluA_5
GATTCTGGGGTTTGTGTTTACGCTCAC,FluA_5
GATTTGGGGATTTGTATTCACGCTCAC,FluA_5
GATTTTAAGATTTGTGTTCACGCTCAC,FluA_5
GATTTTAGGATTCATATTCACGCTCAC,FluA_5
GATTTTAGGATTTATTTTCACACTCAC,FluA_5
GATTTTAGGGGTTGTTTTCACGCTCAC,FluA_5
GATTTTAGGGTTCATATTCACGCTCAC,FluA_5
GATTTTAGGGTTCGTATTCACGCTCAC,FluA_5
GATTTTAGGGTTTGTRTTCACGCTCAC,FluA_5
GATTTTAGGRTTTGTGTTCACGCTCAC,FluA_5
GATTTTAGGTTTTGTGTTTACGCTCAC,FluA_5
GATTTTGGGATTTGTCTTCACGCTCAC,FluA_5
GATTTTGGGGTGTGTGTTCACGCTCAC,FluA_5
GATTTTGGGGTTTGTGTACACGCTCAC,FluA_5
GATTTTGGGTTTTGTCTTCACGCTCAC,FluA_5
GATYTTAGGATTTGTGTTCACGCTCAC,FluA_5
GGTATTAGGGTTTGTGTTCACGCTCAC,FluA_5
GGTGCTAGGATTTGTGTTCACGCTCAC,FluA_5
GGTGTTAGGGTTTGTTTTCACGCTCAC,FluA_5
GGTTTTAGGGTTTGTGTTCACGCTCAC,FluA_5
GRTTTTAGGATTTGTGTTCACGCTCAC,FluA_5
RATTTTAGGGTTTGTTTTCACGCTCAC,FluA_5
TATTTTAGGATTTGTATTCACGCTCAC,FluA_5
AATCCTGGGATTTGTGTTTACGCTCAC,FluA_5
AATCCTGGGGTTTGTGTTCACGCTCAC,FluA_5
AATCTTGGGATTCGTATTCACGCTCAC,FluA_5
AATGTTAGGTTTTGTGTTTACGCTCAC,FluA_5
AATTCTAGGATTTGTGTTCACACTCAC,FluA_5
AATTCTAGGGTTTGTGTTCACGCTCAC,FluA_5
AATTCTGGGATTCGTATTCACGCTCAC,FluA_5
AATTCTGGGATTTGTGTTCACACTCAC,FluA_5
AATTCTGGGGTTTGTGTTCACACTCAC,FluA_5
AATTTTACGGTTTGTGTTCACGCTCAC,FluA_5
AATTTTAGGAGTTGTGTTCACGCTCAC,FluA_5
AATTTTAGGAGTTGTGTTTACGCTCAC,FluA_5
AATTTTAGGATTTGTATTCCCGCTCAC,FluA_5
AATTTTAGGATTTGTCTTCACACTCAC,FluA_5
AATTTTAGGATTTGTCTTCACGCTCAC,FluA_5
AATTTTAGGATTTGTGTCCACGCTCAC,FluA_5
AATTTTAGGATTTGTGTTCACACCCAC,FluA_5
AATTTTAGGATTTGTGTTCACGCCCAC,FluA_5
AATTTTAGGATTTGTGTTCACRCTCAC,FluA_5
AATTTTAGGATTTGTGTTCACTCTCAC,FluA_5
AATTTTAGGATTTGTGTWCACGCTCAC,FluA_5
AATTTTAGGATYTGTGTTCACGCTCAC,FluA_5
AATTTTAGGGTTTATTTTTACACTCAC,FluA_5
AATTTTAGGRTTTGTGTTCACGCTCAC,FluA_5
AATTTTGGGATTAGTATTCACGCTCAC,FluA_5
AATTTTGGGATTCGTATTCACACTCAC,FluA_5
AATTTTGGGATTTGTATTCACACTCAC,FluA_5
AATTTTGGGATTTGTATTTACGCTCAC,FluA_5
AATTTTGGGATTTGTTTTCACGCTCAC,FluA_5
AATTTTGGGCTTCGTGTTCACGCTCAC,FluA_5
AATTTTGGGCTTTGTGTTCACGCTCAC,FluA_5
AATTTTGGGGTTCATATTCACGCTCAC,FluA_5
AATTTTGGGTTTTGTGTTCACGCTCAC,FluA_5
AATTYTAGGATTTGTGTTCACGCTCAC,FluA_5
ATTTTGGGATTTGTATTCACGCTCACC,FluA_5
CATTTTGGGCTTTGTCTTCACGCTCAC,FluA_5
GACTTTAGGATTTGTGTTCACGCTCAC,FluA_5
GAGTTTAGGGTTCGTGTTCACGCTCAC,FluA_5
GATACTGGGATTTGTATTTACGCTCAC,FluA_5
GATATCAGGATTTGTATTCACGCTCAC,FluA_5
GATATTAGGTTTTGTGTTTACGCTCAC,FluA_5
GATATTGGGATTCGTATTCACGCTCAC,FluA_5
GATATTGGGGTTTGTATTCACGCTCAC,FluA_5
GATCCTAGGATTTGTGTTTACGCTCAC,FluA_5
GATCTTAGGATTCGTGTTCACGCTCAC,FluA_5
GATCTTAGGATTTGTGTTTACGCTCAC,FluA_5
GATCTTGGGACTTGTATTCACGCTCAC,FluA_5
GATCTTGGGATTTATATTCACGCTCAC,FluA_5
GATCTTGGGATTTGTATGCACGCTCAC,FluA_5
GATCTTGGGCTTTGTATTCACGCTCAC,FluA_5
GATCTTGGGGTTCGTGTACACGCTCAC,FluA_5
GATCTTGGGGTTTGTATTCACGCTCAC,FluA_5
GATGTTAGGATTCGTGTTTACGCTCAC,FluA_5
GATGTTAGGCTTTGTGTTTACGCTCAC,FluA_5
GATGTTAGGGTTTGTGTTCACGCTCAC,FluA_5
GATGTTGGGATTCGTATTCACGCTCAC,FluA_5
GATGTTGGGATTTGTATTCACACTCAC,FluA_5
GATGTTGGGATTTGTATTTACGCTCAC,FluA_5
GATGTTGGGATTTGTTTTCACGCTCAC,FluA_5
GATGTTGGGGTTTGTATTCACGCTCAC,FluA_5
GATGYTGGGATTTGTATTCACGCTCAC,FluA_5
GATTCTAGGATTCGTGTTCACGCTCAC,FluA_5
GATTCTAGGATTTGTATTCACGCTCAC,FluA_5
GATTGTGGGGTTCGTGTTTACGCTCAC,FluA_5
GATTTCAGGGTTTGTGTTCACGCTCAC,FluA_5
GATTTTAGGACTTGTATTCACGCTCAC,FluA_5
GATTTTAGGATGTGTATTCACGCTCAC,FluA_5
GATTTTAGGATTAGTATTCACGCTCAC,FluA_5
GATTTTAGGATTCGTGTTCACACTCAC,FluA_5
GATTTTAGGATTTATATTTACGCTCAC,FluA_5
GATTTTAGGATTTGTATTCACGCTCCC,FluA_5
GATTTTAGGATTTGTATTNNNNCTCAC,FluA_5
GATTTTAGGATTTGTGTCCACGCTCAC,FluA_5
GATTTTAGGATTTGTGTTCACGCTGAC,FluA_5
GATTTTAGGATTTGTNTTCACGCTCAC,FluA_5
GATTTTAGGATTTTTGTTCACGCTCAC,FluA_5
GATTTTAGGGCTTGTTTTCACGCTCAC,FluA_5
GATTTTAGGGGTTGTGTTTACGCTCAC,FluA_5
GATTTTAGGGTTAGTGTTCGCTCACCG,FluA_5
GATTTTAGGGTTCGTTTTTACGCTCAC,FluA_5
GATTTTAGGGTTTCTTTCCAAAAACAC,FluA_5
GATTTTAGGGTTTGAGATCACGCTAAC,FluA_5
GATTTTAGGGTTTGTGCTCACGCTCAC,FluA_5
GATTTTAGGGTTTGTGTACACGCTCAC,FluA_5
GATTTTAGGGTTTGTGTATACGCTCAC,FluA_5
GATTTTAGGGTTTGTGTTCACRCTCAC,FluA_5
GATTTTAGGGTTTGTGTTCGCTCACCG,FluA_5
GATTTTAGGGTTTGTGTTYACGCTCAC,FluA_5
GATTTTAGGGTTTGTTTACACGCTCAC,FluA_5
GATTTTAGGGTTTGTTTTCACTCTCAC,FluA_5
GATTTTAGGGTTTGTTTTCRCGCYCAC,FluA_5
GATTTTAGGGTTTRTTTTCACGCTCAC,FluA_5
GATTTTAGGGTTYGTGTTCACGCTCAC,FluA_5
GATTTTAGGGYTTGTTTTCACGCTCAC,FluA_5
GATTTTAGGRTTTGTRTTCACGCTCAC,FluA_5
GATTTTAGGRTTTGTTTTCACGCTCAC,FluA_5
GATTTTAGGTTTTGTATTCACGCTCAC,FluA_5
GATTTTAGGTTTTGTGTTCACACTCAC,FluA_5
GATTTTGGGACTTGTGTTCACGCTCAC,FluA_5
GATTTTGGGATTGGTGTTCACGCTCAC,FluA_5
GATTTTGGGCTTCGTGTTCACGCTCAC,FluA_5
GATTTTGGGGCTTGTGTTCACGCTCAC,FluA_5
GATTTTGGGGTTAGTGTTCACGCTCAC,FluA_5
GATTTTGGGGTTTGTGTTCGCGCTCAC,FluA_5
GATTTTGGGRTTTGTGTTCACGCTCAC,FluA_5
GATTTTGGRATTTGTGTTCACGCTCAC,FluA_5
GATTTTRGGGTTTGTGTTCACGCTCAC,FluA_5
GATYTTRGGRTTTGTRTTCACGCTCAC,FluA_5
GATYYTAGGATTTGTGTTCACGCTCAC,FluA_5
GATKTTAGGRTTTGTGTTYACGCTCAC,FluA_5
GGATTTAGGATTTGTGTTCACGCTCAC,FluA_5
GGTCTTAGGGTTTGTGTTCACGCTCAC,FluA_5
GGTGTTAGGATTTGTGTTTACGCTCAC,FluA_5
GGTGTTAGGATTTGTTTTCACGCTCAC,FluA_5
GGTTTTAGGGTTTGTTTTCACGCTCAC,FluA_5
GGTTTTGGGGTTTGTGTTCACGCTCAC,FluA_5
GGTTTTGGGGTTTGTGTTTACGCTCAC,FluA_5
GRTSTTRGGRTTTGTRTTCACGCTCAC,FluA_5
GTTTTTAGGGTTTGTGTTCACGCTCAC,FluA_5
RATTTTAGGATTTGTRTTYACGCTCAC,FluA_5
TATTTTGGGATTCGTATTCACGCTCAC,FluA_5
TATTTTGGGATTTGTGTTCACGCTCAC,FluA_5
TTGAATGGAATGATAACACAGTTCGAG,FluA_12
TTGAATGGAATGGTAACACGGTTCGAG,FluA_12
TTGAGTGGAATGGTAACACGGTTCGAG,FluA_12
TTGAATGGAATGATAACTCAATTCGAG,FluA_12
TTGAATGGAATGATAACACAGTTCGGG,FluA_12
TTGAATGGAATGATAACACGGTTCGAG,FluA_12
TTGAGTGGAATGATAACACAGTTCGAA,FluA_12
TTGAATGGAATGATAACACAGTTCGAA,FluA_12
TTGAGTGGAATGGTAACACAGTTCGAG,FluA_12
TTGAATGGAATGGTAACACAGTTCGAG,FluA_12
TTGAATGGAATGATAACACAGTTCAAG,FluA_12
TTGAGTGGAATGATAACACAGTTCGAG,FluA_12
TTGAATGGAATGATAATGCAGTTCGAG,FluA_12
TTGAATGGAATGATAACTCAATTAGAG,FluA_12
TTGAATGGAATGATAACACAGTTAGGA,FluA_12
TTAAATGGAATGATAATACGGTTAGAA,FluA_12
TTGAATGGAATAGTAACACAGTTCGAG,FluA_12
TTGAATGGAATGATAACACAATTCGAG,FluA_12
TTAAATGGAATGATAATACGGTTAAAA,FluA_12
TTGAATGGAATGATAACACAGTTAGGG,FluA_12
TTGAATGGAATGATAACGCAGTTCGAG,FluA_12
TTGAATGGAATGATAATACAGTTCGAG,FluA_12
TTGAATGGAATAATAACACAGTTCGAG,FluA_12
TTGAATGGAATAGTAACACGGTTCGAG,FluA_12
TTGAATGGAATGGTAACACGGTTCGAA,FluA_12
TTGAATGGAATGGTAACACGATTCGAG,FluA_12
TTGAGTGGAATGATAACTCAATTCGAG,FluA_12
TTGAATGGAATGATAACACAGTTAGAG,FluA_12
TTGAATGGAATGATAACACTGTTCGAG,FluA_12
TTAAATGGAATGATAACACAGTTCGAG,FluA_12
TTGAGTGGAATGATAACGCAGTTCGAG,FluA_12
TTGAATGGAATGGTAACACGGTTAGAG,FluA_12
TTAAATGGAATGATAATACAGTTAGAG,FluA_12
TTGAATGGAATGATAACACAATTCGAA,FluA_12
TTGAATGGAATGATAACACAGTTCGGA,FluA_12
TTGAATGGAATGATAACACAGTTCAGA,FluA_12
TTAAATGGAATGATAATACGGTTAGAG,FluA_12
TTGAATGGAGTGATAACACAGTTCGAG,FluA_12
TTGAGTGGAATGGTAACACGATTCGAG,FluA_12
TTGAATGGAATAGTAACACGGTTAGAG,FluA_12
TTGAATGGAATGACAACACAGTTCGAG,FluA_12
TTAAATGGAATGATAACACAGTTAGAG,FluA_12
TTGAATGGAATGGTAACACAATTCGAG,FluA_12
TTGAATGGAATGATAACACAGTTCAAA,FluA_12
TTGAATGGAATGGTAACACGGTTCAAG,FluA_12
TTGAATGGAATGATAACAAAGTTCGAG,FluA_12
TTGAATGGAATGATAACACGGTTCGAA,FluA_12
TTGAATGGAATGATAACTCAGTTCGAG,FluA_12
TTGAATGGAATGGTAACACGGTTCGGG,FluA_12
TTAAATGGAATGATAACACAGTTCAAG,FluA_12
TTGAATGGAATGATAACAAAGTTCAAG,FluA_12
TTGAGTGGAATAGTAACACGGTTCGAG,FluA_12
TTGCATGGAATGATAACACAGTTCGAG,FluA_12
TTGAATGGAATAATAACACAGTTCGAA,FluA_12
TTGAATGGAGTGGTAACACGGTTCGAG,FluA_12
TTGAGTGGAATGATAATGAAGTTCGAG,FluA_12
TTGAATGGAATGGTAATACGGTTCGAG,FluA_12
TTGACTGGAATGGTAACACGGTTCGAG,FluA_12
TTAAATGGAACGATAATACGGTTAGAA,FluA_12
TTAAATGGAATGATAATAAGGTTAGAA,FluA_12
TTAAATGGAATGGTAACACGGTTCGAG,FluA_12
TTGAATGGAATAATAACACGGTTCGAG,FluA_12
TTGAATGGAATGATAACACAGTTCAGG,FluA_12
TTGAATGGAATGATAACACAGTTCRAG,FluA_12
TTGAATGGAATGATAACTCGATTCGAG,FluA_12
TTGAATGGAATGATAATGCAGTTCGAA,FluA_12
TTGAATGGAATGGTAACAAGGTTCGAG,FluA_12
TTGAATGGAATGGTAACACTGTTCGAG,FluA_12
TTGAATGGAATGGTAGCACGGTTCGAG,FluA_12
TTGAGTGGAATGATAACACAGTTCGGG,FluA_12
TTGAGTGGAATGATAACACGGTTCGAG,FluA_12
TTGAGTGGAATGGTAACACGGTTCGAA,FluA_12
TGGAATGGAATGATAACACAGTTCGAG,FluA_12
TTAAATGGAATGATAACACGGTTCGAG,FluA_12
TTGAATGGAATAATAACTCAATTCGAG,FluA_12
TTGAATGGAATGATAACTCAATTCGAA,FluA_12
TTGAATGGAATGATAACTCAGTTCGAA,FluA_12
TTGAATGGAATGGTAACACAGTTCAAG,FluA_12
TTGAATGGAATTATAACACAGTTCGAG,FluA_12
TGGAATGGAATGGTAACACGGTTCGAG,FluA_12
TTAAATGGAATGATAACACAGTTAGAA,FluA_12
TTGAATGGAATAATAACACAGTTCGGG,FluA_12
TTGAATGGAATGACAACACAGTTCAAG,FluA_12
TTGAATGGAATGATAACACAGTTCGAC,FluA_12
TTGAATGGAATGATAACACAGTTCGRG,FluA_12
TTAAATGGAATGATAACACAGTTCGGG,FluA_12
TTGAATGGAATAGTAACACAGTTCAAG,FluA_12
TTGAATGGAATAGTAACACGGTTAGGG,FluA_12
TTGAATGGAATAGTAACACGGTTCGAA,FluA_12
TTGAATGGAATGATAACACAATTAGAG,FluA_12
TTGAATGGAATGATAACACGATTCGAG,FluA_12
TTGAATGGAATGATAACGCAATTCGAG,FluA_12
TTGAATGGAATGATAATACGGTTCGAG,FluA_12
TTGAATGGAATGCTAACACGGTTCGAG,FluA_12
TTGAATGGAATGGTAACAAAATTCGAG,FluA_12
TTGAATGGAATGGTAACACAGTTCGAA,FluA_12
TTGAATGGAATGGTAACACGGCTCGAG,FluA_12
TTGAATGGAATGGTAACGCGGTTCGAG,FluA_12
TTGAATGTAATGATAACACAGTTCGAG,FluA_12
TTGAGTGGAATGATAACACAGTTAGAG,FluA_12
TTGAGTGGAATGGTAACACGGTTCAAG,FluA_12
CTGAATGGAATGGTAACACGGTTCGAG,FluA_12
TTAAATGGAATGATAACACAGTTCAGA,FluA_12
TTGAAGAGAATGACAACACAGTTCGAG,FluA_12
TTGAATGGAATGATAACACAATTCAAG,FluA_12
TTGAATGGAATGATAACACAATTCGGA,FluA_12
TTGAATGGAATGATAACACAGTCCGAG,FluA_12
TTGAATGGAATGATAACACAGTTAGAA,FluA_12
TTGAATGGAATGATAACACAGTTCGAR,FluA_12
TTGAATGGAATGATAACGCAGTTCGAA,FluA_12
TTGAATGGAATGATAACGCAGTTCGGG,FluA_12
TTGAATGGAATGATAACTCAACTCGAG,FluA_12
TTGAATGGAATGATAACTCAATTCAAG,FluA_12
TTGAATGGAATGATTACCCAGTTCGAG,FluA_12
TTGAATGGAATGGTAACAAAGTTCGAG,FluA_12
TTGAATGGAATGGTAACTCAATTCGAG,FluA_12
TTGAATGGAATGTTAACACGGTTCGAG,FluA_12
TTGAATGGAATTGTAACACGGTTCGAG,FluA_12
TTGAATGGAGTGATAACTCAATTCGAG,FluA_12
TTGAGTGGAATGATAACACAATTCGAG,FluA_12
TTGAGTGGAATGGTAACACGGTTCGGG,FluA_12
TTGAGTGGAATGGTAACACGRTTCGAG,FluA_12
TTGAGTGGAATGGTAACACRGTTCGAG,FluA_12
TTGAGTGGAATGGTAACACTGTTCGAG,FluA_12
TCGAATGGAATGATAACACAGTTCAAG,FluA_12
TCGAATGGAATGATAACACAGTTCGAG,FluA_12
TTAAATGGAATAATAACACAGTTCGAG,FluA_12
TTAAATGGAATGGTAACACGGTTCGAA,FluA_12
TTGAACGGAATGGTAACACGGTTCGAG,FluA_12
TTGAATGGAACGATAACACAGTTCGAG,FluA_12
TTGAATGGAATAATAATGCAGTTCGAA,FluA_12
TTGAATGGAATGATAACACAATTCGGG,FluA_12
TTGAATGGAATGATAACACACTTCGAG,FluA_12
TTGAATGGAATGATAACACAGGTCGGG,FluA_12
TTGAATGGAATGATAACACAGTTAAGA,FluA_12
TTGAATGGAATGATAACACAGTTCGAT,FluA_12
TTGAATGGAATGATAACACARTTCGAG,FluA_12
TTGAATGGAATGATAACACGGTTCGGG,FluA_12
TTGAATGGAATGATAACATTGTTCGAG,FluA_12
TTGAATGGAATGATAACGAAGTTCGAG,FluA_12
TTGAATGGAATGGCAACACGGTTCGAG,FluA_12
TTGAATGGAATGGTAACAAGATTCGAG,FluA_12
TTGAATGGAATGGTAACACAGTTCGGG,FluA_12
TTGAATGGAATGRTAACACAGTTCGAG,FluA_12
TTGAATGGAATRATAACACAGTTCGAG,FluA_12
TTGAATGGAATTGTAACACAGTTCGAG,FluA_12
TTGAATGGGATGGTAACACGGTTCGAG,FluA_12
TTGACTGGAATGATAACTCAATTCGAG,FluA_12
TTGAGTGGAATGATAACACAATTCGAA,FluA_12
TTGAGTGGAATGATAATGCAGTTCGAG,FluA_12
TTGAGTGGAATGGTAACAYGGTTCGAG,FluA_12
TTGAGTGGAATTGTAACACAGTTCGAG,FluA_12
TTGATTGGAATGGTAACACGGTTCGAG,FluA_12
TTGGATGGAATGATAACACAGTTCGAG,FluA_12
AACATTACTAAGGGCTTTCACCGAAGA,FluA_12
CTGAATGGAATGATAACACAGTTCAAG,FluA_12
GAGACAGCTACTCGGGCAGGAAAGCAA,FluA_12
GATTGAAGAAGTGCGRCATAGATTGAA,FluA_12
GCAACCGATTTGCAGACCAAGAACTGG,FluA_12
GCGCAGACGATTTGCAGACCAAGAACT,FluA_12
GGATGAAGGAGCAATAGTGGGCGAAAT,FluA_12
TGAAAGGAAAGATAACACAGTTCGAGT,FluA_12
TGGAAGGGAATGATAACACAGTTCGGG,FluA_12
TGGAATGGAATGATAACACAGTTAGGA,FluA_12
TGGAATGGAATGATAACACAGTTCAAG,FluA_12
TTAAATGGAATGATAACACAGTTCGAC,FluA_12
TTAAATGGAATGATAACACGGTTCGAA,FluA_12
TTAAATGGAATGATAATAAGATTAGAA,FluA_12
TTAAATGGAATGATAATACGATTAAAA,FluA_12
TTAAATGGAATGATAATACGGCTAAAA,FluA_12
TTAARTGGAATGATAATACGGTTAAAA,FluA_12
TTGAAGGGAATGGTAACACGGTTCGAG,FluA_12
TTGAATGCAATGATAACACAGTTCGAG,FluA_12
TTGAATGGAATAATAATGCAGTTCGAG,FluA_12
TTGAATGGAATAGTAACACGATTCGAG,FluA_12
TTGAATGGAATAGTAACACTGTTCGAG,FluA_12
TTGAATGGAATGACAACACAGTTAGGA,FluA_12
TTGAATGGAATGATAACAAAGTTCAAA,FluA_12
TTGAATGGAATGATAACAAGGTTCGAG,FluA_12
TTGAATGGAATGATAACACAATTAGGA,FluA_12
TTGAATGGAATGATAACACAATTCAAA,FluA_12
TTGAATGGAATGATAACACAATTCGAC,FluA_12
TTGAATGGAATGATAACACAGCTCGAG,FluA_12
TTGAATGGAATGATAACACAGTTCAWG,FluA_12
TTGAATGGAATGATAACACAGTTCCAG,FluA_12
TTGAATGGAATGATAACACAGTTCGTG,FluA_12
TTGAATGGAATGATAACACAGTTGGAG,FluA_12
TTGAATGGAATGATAACACAGTTTGGG,FluA_12
TTGAATGGAATGATAACACGGTTAGAG,FluA_12
TTGAATGGAATGATAACACGGTTCAAG,FluA_12
TTGAATGGAATGATAACACGGTTCGAT,FluA_12
TTGAATGGAATGATAACACGTTTCGAG,FluA_12
TTGAATGGAATGATAACACTGTTCGGG,FluA_12
TTGAATGGAATGATAACACWGTTCGAG,FluA_12
TTGAATGGAATGATAACCCAGTTCGAG,FluA_12
TTGAATGGAATGATAACMCAGTTCGAG,FluA_12
TTGAATGGAATGATAACGCAGTTAGAG,FluA_12
TTGAATGGAATGATAACGCAGTTCAAG,FluA_12
TTGAATGGAATGATAACTCAATTCGTG,FluA_12
TTGAATGGAATGATAACWCARTTCGAG,FluA_12
TTGAATGGAATGATAATACAGTTAGGG,FluA_12
TTGAATGGAATGATAATACAGTTCGAA,FluA_12
TTGAATGGAATGATAATGCAATTCGAG,FluA_12
TTGAATGGAATGATAATGCAGTTAGAG,FluA_12
TTGAATGGAATGATACCACAGTTCGAG,FluA_12
TTGAATGGAATGATACCCCAGTTCGAG,FluA_12
TTGAATGGAATGATCACTCAATTCGAG,FluA_12
TTGAATGGAATGATGACACAGTTCGAG,FluA_12
TTGAATGGAATGATTACCCAATTCGAG,FluA_12
TTGAATGGAATGGCAACACAGTTCGAG,FluA_12
TTGAATGGAATGGTAACACAGTTAGGA,FluA_12
TTGAATGGAATGGTAACACGATTAGAG,FluA_12
TTGAATGGAATGGTAACACGATTCAAG,FluA_12
TTGAATGGAATGGTAACACGCTTCGAG,FluA_12
TTGAATGGAATGGTAACACGTTTCGAG,FluA_12
TTGAATGGAATGGTAACACRGTTCGAG,FluA_12
TTGAATGGAATGGTAACAGGGTGCGAG,FluA_12
TTGAATGGAATGGTAACATGGTTCGAG,FluA_12
TTGAATGGAATGGTAACCCGGTTGGAG,FluA_12
TTGAATGGAATGGTAACGCAGTTCGAG,FluA_12
TTGAATGGAATGGTAACTCGGTTCGAG,FluA_12
TTGAATGGAATGGTAGCACAGTTCGAG,FluA_12
TTGAATGGAATGGTGACACGGTTCGAG,FluA_12
TTGAATGGAATGTTAACACAGTTCGAG,FluA_12
TTGAATGGAATGTTAACTCAATTCGAG,FluA_12
TTGAATGGAATRGTAACACGGTTCGAG,FluA_12
TTGAATGGAATTATAACACAGTTCAAG,FluA_12
TTGAATGGAATTATAACACCGTTCGAG,FluA_12
TTGAATGGAATTGTAACACGGTTAGAG,FluA_12
TTGAATGGAGTAATAACACGGTTCGAG,FluA_12
TTGAATGGAGTGATAACACTGTTCGAG,FluA_12
TTGAATGGAGTGGTAACACAGTTCGAG,FluA_12
TTGAATGGGATGATAACACAGTTCGAG,FluA_12
TTGAATGGRATGGTAACACGGTTCGAG,FluA_12
TTGAATGGTATGATAACACAGTTCGGG,FluA_12
TTGAATGGTATGATGACACAGTTCGAG,FluA_12
TTGAATGTAATGGTAACACGGCTCGAG,FluA_12
TTGAATGTAATGGTAACACGGTTCGAG,FluA_12
TTGAAWGGAATGGTAACACGGTTCGAG,FluA_12
TTGAAKGGAATGATAACACAGTTCGAG,FluA_12
TTGACTGGAATAATAACTCAATTCGAG,FluA_12
TTGAGAGGAATGGTAACACGGTTCGAG,FluA_12
TTGAGTGGAATAATAACACAGTTCGAG,FluA_12
TTGAGTGGAATAATAACTCAATTCGAG,FluA_12
TTGAGTGGAATAATAATGCAGTTCGAG,FluA_12
TTGAGTGGAATAGTAACACAGTTCGAG,FluA_12
TTGAGTGGAATGATAACAAAGTTCGAA,FluA_12
TTGAGTGGAATGATAACACAGTTAGAA,FluA_12
TTGAGTGGAATGATAACACAGTTCGCA,FluA_12
TTGAGTGGAATGATAACGCAGTTCGAA,FluA_12
TTGAGTGGAATGATAACGMAGTTCGAG,FluA_12
TTGAGTGGAATGATAACTCAGTTCGAG,FluA_12
TTGAGTGGAATGATAACTCGATTCGAG,FluA_12
TTGAGTGGAATGGTAACACGGTTAGAG,FluA_12
TTGAGTGGAATGGTAACACGGTTCGAR,FluA_12
TTGAGTGGAATGGTAACACTATTCGAG,FluA_12
TTGAGTGGAATTGTAACACAGTTAGAG,FluA_12
TTGAGTGGAGTGGTAACACGGTTCGAG,FluA_12
TTGAGYGGAATGGTAACACGGTTCGAG,FluA_12
TTGARTGGAATGATAATGCAGTTCGAG,FluA_12
TTGARTGGAATGGTAACACGGTTCGAG,FluA_12
TTGGATGGAATGATAACACAGTTCGGG,FluA_12
TTGGATGGAATGATAACACGGTTCGAG,FluA_12
TTGGGTGGAATGATAACACAGTTCGGG,FluA_12
TTGTATGGAATGATAACACAGTTCGAG,FluA_12
TTCGAGCGTCTTAATGAAGGACATTCA,FluB_11
TTCGAGCGTCTCAATGAAGGACATTCA,FluB_11
TTCGAGCGTCTTAATGAAGGACATCCA,FluB_11
TTCGAGCGTTTTAATGAAGGACATTCA,FluB_11
TTCGATCGTCTCAATGAAGGACATTCA,FluB_11
TTCGAACGTCTTAATGAAGGACATTCA,FluB_11
TTCGAACGTCTCAATGAAGGACATTCA,FluB_11
TTCGAGCGTCTCAATGAAGGACATACA,FluB_11
TTCGAGCGTATTAATGAAGGACATTCA,FluB_11
TTCGAGCGTCTCAATGAAGGATATTCA,FluB_11
TTCGAGCGCCTCAATGAAGGACATTCA,FluB_11
TTCGAGCGCCTTAATGAAGGACATTCA,FluB_11
TTCGAGCGTCTTAATGAAGGATATTCA,FluB_11
TTCGAGCGTATCAATGAAGGACATTCA,FluB_11
TTCGAGCGTCTTAATGAGGGACATTCA,FluB_11
TTCGAGCGTCTTAATGGAGGACATTCA,FluB_11
TTCGAGCGTCTTGATGAAGGACATTCA,FluB_11
TTCGAGCGTTTTGATGAAGGACATTCA,FluB_11
TTCGAGCGTCTTAATAAAGGACATTCA,FluB_11
TTCAATCGTCTCAATGAAGGACATTCA,FluB_11
TTCGAGCGTCTCAATAAAGGACATTCA,FluB_11
TTCGAGCGTCTCAATGAAAGACATTCA,FluB_11
TTCGAGCGTCTCAATGAAGGACATCCA,FluB_11
TTCGAGCGTCTTAATGAAAGACATTCA,FluB_11
TTCGAGCGTCTCAGTGAAGGACATTCA,FluB_11
TTCGAGCGTCTTGATGAAGGACATCCA,FluB_11
TTCGGGCGTCTTAATGAAGGACATTCA,FluB_11
TTCGAGCGTCTCGATGAAGGACATTCA,FluB_11
TTCGAGCGTTTCAATGAAGGACATTCA,FluB_11
TTCAAGCGTCTCAATGAAGGACATTCA,FluB_11
TTCGAACGTATCAATGAAGGACATTCA,FluB_11
TTCGAGCGTCTTAATGAAGAACATTCA,FluB_11
TTCGAGCGTCTTAATGAAGGAAATTCA,FluB_11
TTCGAGCGTCTTAATGAAGGACGTTCA,FluB_11
TTCGAGCGTCTTAATGAAGGGCATTCA,FluB_11
TTCGATCGTCTTAATGAAGGACATTCA,FluB_11
TTTGAGCGTCTCAATGAAGGACATTCA,FluB_11
TTCGAACGTCTTAATGAAGGRCATTCA,FluB_11
TTCGACCGTCTTAATGAAGGACATTCA,FluB_11
TTCGAGCATCTTAATGAAGGACATTCA,FluB_11
TTCGAGCGTATTAATGGAGGACATTCA,FluB_11
TTCGAGCGTCTCAATGAAGAACATTCA,FluB_11
TTCGAGCGTCTCAATGAAGGACGTTCA,FluB_11
TTCGAGCGTCTCAATGAAGGGCATTCA,FluB_11
TTCGAGCGTCTCAATGGAGGACATTCA,FluB_11
TTCGAGCGTCTTAACGAAGGACATTCA,FluB_11
TTCGAGCGTCTTAATGAAGGACATACA,FluB_11
TTCGAGCGTCTTAATGAAGGACATGCA,FluB_11
TTCGAGCGTCTTAATGAAGGACATTCG,FluB_11
TTCGAGCGTCTTAATGGAGGATATTCA,FluB_11
TTCGAGCGTCTTAGTGAAGGACATTCA,FluB_11
TTCGAGCGTCTYAATGAAGGACATTCA,FluB_11
TTCGAGCGTMTCAATGAAGGACATTCA,FluB_11
TTCGAGCGTGTTAATGAAGGACATTCA,FluB_11
TTCGAGCGTTTAATGAAGGACATTCAA,FluB_11
TTCGAGTGTCTTAATGAAGGACATTCA,FluB_11
TTCGARCGTCTTAATGAAGGACATTCA,FluB_11
TTCGRGCGTCTTAATGAAGGACATTCA,FluB_11