index,index2,target
cCATCTGTATCg,tATGAGACTTGa,1_1_1
cCACAACGTAGg,tACAAGATCGTa,1_2_1
cCCGTGTTACGg,tAAGTGATCAGa,1_3_1
cGATACTCTGTg,tACGACACACGa,1_4_1
cCCATTCATGTg,tAAGGTGACGTa,1_5_1
cCATCGTTGGCg,tAGTGAGAGAGa,1_6_1
cTACATCGTTGg,tGAAGTGTGTTa,1_7_1
cTCGTGCTTGGg,tTACGAGGTAAa,1_8_1
cCTCCGTAGTAg,tATCGACTGTTa,1_9_1
cTTCAGCGTATg,tGGCTAATCCTa,1_10_1
cCCAGTTACCGg,tATCACCGTAAa,1_11_1
cCTACAACGAAg,tAGTCGTTACGa,1_12_1
cGGAACTCTGGg,tCGTCAATGCGa,1_13_1
cCATCTGGAGTg,tAAGACTTGTCa,1_14_1
cAGTTCGTTGTg,tACCAATCACGa,1_15_1
cCCGTACTATCg,tCCAATCTTCGa,1_16_1
cGAGGCTTAGAg,tGAGGCTATCTa,1_1_2
cATCAACGCTGg,tATAGAAGACGa,1_2_2
cTTCATGCGGAg,tGCGCCATCTTa,1_3_2
cCTACGCCACTg,tATCGAGAAGAa,1_4_2
cCTAACGACGTg,tATTAGTACGGa,1_5_2
cGTAGTCTAGTg,tCAACGTCTAAa,1_6_2
cATTCCGACTCg,tAGGAATTCGGa,1_7_2
cCTGTCTTATCg,tCCGAGTGCAAa,1_8_2
cGTGTCATGAGg,tAGACTTACGGa,1_9_2
cTAAGCAGTCGg,tGGCTACGAAGa,1_10_2
cGTAGTAGTACg,tCCAGTATGTAa,1_11_2
cCGTAGTTAGCg,tCCATCGGATTa,1_12_2
cTGTCCGGTGAg,tGGATCATGCTa,1_13_2
cTGAAGCGGATg,tGGCTGTCATAa,1_14_2
cCTTGCTTGGCg,tAGCATGGTAGa,1_15_2
cCGCCAATGTCg,tATTACCGTGGa,1_16_2
cCTGTCCGTTCg,tACGTTGAAGAa,1_1_3
cGAAGGTAGCTg,tCACAGGATCGa,1_2_3
cCACAGTGTCTg,tAGAATTGACGa,1_3_3
cCCTGGATAGTg,tACTAGGTCTAa,1_4_3
cCCAGAGTCTTg,tAGACATTGGTa,1_5_3
cTCTCAGTGGCg,tAAGCTTAGGAa,1_6_3
cCTTCTCAAGTg,tAAGTTGAGCGa,1_7_3
cGGAATGATCTg,tCCACTGATCTa,1_8_3
cACGGCAGACTg,tACATCATCCGa,1_9_3
cGTCTGAGGCTg,tGGCTTCCTATa,1_10_3
cCTGTAGGAATg,tCGGTTCCTAAa,1_11_3
cGTCCTTCTCTg,tGTAAGGAGTAa,1_12_3
cGTTCGCGTCAg,tGTGTTAGAGTa,1_13_3
cACGACGTAGTg,tACAGTATCGGa,1_14_3
cCTAATGTCAGg,tCGGTAGACATa,1_15_3
cGCGTCCGTAAg,tAGCATGTTGAa,1_16_3
cGTAACATCGTg,tAGATTCTCTGa,1_1_4
cCCAGATGGACg,tCCACGAATCGa,1_2_4
cCGGTTATGATg,tATGACAGTCGa,1_3_4
cGTACTTAGGTg,tAACGGATCTAa,1_4_4
cGTTGAGTCTTg,tGATTGTCGTAa,1_5_4
cGACCACGTTGg,tGAACAAGTGGa,1_6_4
cGAATCACGGAg,tCTGGATCAGAa,1_7_4
cGGTTCAATGAg,tACATACCACGa,1_8_4
cATAGTGGACAg,tAATCAGAACGa,1_9_4
cCAAGGTAGGCg,tACATTGTTCGa,1_10_4
cGTTAGTCGTCg,tCATAACACCGa,1_11_4
cTTGATCGGATg,tGAAGATGCGTa,1_12_4
cGGAATCTCTAg,tATCAAGCGTCa,1_13_4
cCACTTCCTGTg,tAAGCAGTGTTa,1_14_4
cTCGAGCCTGAg,tTAGAATAGCGa,1_15_4
cGCGTAACTGAg,tAGTACTACGAa,1_16_4
cCCACCTTGGTg,tAACGGCAAGAa,1_1_5
cCGGATCGTAGg,tACGAAGAACGa,1_2_5
cCCTATGTAGAg,tACTGATAACGa,1_3_5
cTGTTCGCTATg,tATTCTGTCCGa,1_4_5
cGCGATCTCCAg,tAACTGTCCGGa,1_5_5
cTGTTCGTGGCg,tCTTGGAACCGa,1_6_5
cCTGAGATGACg,tATGTTCTGAGa,1_7_5
cGGTAGACGGTg,tGGATCATTGGa,1_8_5
cGACCAAGACTg,tAGTAGTTGGTa,1_9_5
cTGTCGGCTAGg,tACTCCGGTAAa,1_10_5
cCTGAACGAACg,tAACCACGACGa,1_11_5
cGAGCTTATGGg,tAGATCTTCAGa,1_12_5
cCGGTGTCTGAg,tAGGAATGTGAa,1_13_5
cCTTAACGATGg,tCGATCTACGGa,1_14_5
cCTCTTATCACg,tCTACTAACGGa,1_15_5
cTTGCTTCTGGg,tGTAGCACACGa,1_16_5
cCTACAAGAGTg,tAGCGATCTAAa,1_1_6
cGTTCGATGGAg,tAAGTGAGTGAa,1_2_6
cCCACTATTGGg,tCAGATCACAGa,1_3_6
cCTAGCCTTGTg,tACTGTGGCCTa,1_4_6
cTCGGCATACGg,tCGTGTAATTGa,1_5_6
cATTGGTTCCAg,tACCATATCGAa,1_6_6
cCTATGGATGTg,tCACATGGTCAa,1_7_6
cATGTTGCCTCg,tATCGTTCGTAa,1_8_6
cTGATCCGGAGg,tGAGATTCCGGa,1_9_6
cTTCTCATGGTg,tCCGTGGATCAa,1_10_6
cATCCAATCTCg,tAGCTAATGGAa,1_11_6
cTCATCCGGCTg,tCGATGAGGTAa,1_12_6
cCTGACGTTAAg,tAACATGCGCGa,1_13_6
cGTAATCGCGGg,tACCTAACCGGa,1_14_6
cTCTAGTGCATg,tGTCAGAATTGa,1_15_6
cTTGGAGTCTCg,tCAGTCTTGGAa,1_16_6
cCCTTGTAGCTg,tATCTGGAACGa,1_1_7
cCAGTCGGCTTg,tACCGCATAGAa,1_2_7
cTAATGCGTGAg,tCATGTCTCTGa,1_3_7
cTCCTGAGGTAg,tCACACCTGGAa,1_4_7
cCGGACTTCATg,tATGTCATACGa,1_5_7
cCCTTCAACGTg,tACAGGAAGCGa,1_6_7
cCCATCGAGAGg,tACTTCGTGCGa,1_7_7
cATGACTCTGGg,tATATGCGACGa,1_8_7
cCTCCAGAAGTg,tCAGTAGAGTTa,1_9_7
cTTCTTCACGTg,tAAGACCAACGa,1_10_7
cGACTGCTTCGg,tCGAGGTAGAGa,1_11_7
cCCGAACATGGg,tATTGAATCGGa,1_12_7
cGGTAGATACCg,tAACTTAGGCGa,1_13_7
cTTGAGTACACg,tGGTACACAAGa,1_14_7
cTCCTCACCTGg,tCTGCAACAGGa,1_15_7
cCCTCTGGCTTg,tAAGAGAATCGa,1_16_7
cGTCTCAGTAGg,tCGATACAACGa,1_1_8
cGGTGCCTCTTg,tCTATCCTTCGa,1_2_8
cTAGGTGCGTTg,tAATCCTACCGa,1_3_8
cTCGTAAGTAGg,tCACGGTATCAa,1_4_8
cGATGTATCCGg,tCACTAGGATAa,1_5_8
cCGTACGTAACg,tATGCTTATCGa,1_6_8
cTCGCCTTCAGg,tCAGTACGATGa,1_7_8
cCCAACTCCTCg,tAGGAGAGGTAa,1_8_8
cGGAATCGTAAg,tGAGTTCTATCa,1_9_8
cTTATCGCTGTg,tTCTAAGGACGa,1_10_8
cGGTAACGTCCg,tGGATCCAATGa,1_11_8
cCGATTAACGTg,tCAATCATCGGa,1_12_8
cCCGATGCGTTg,tATACGTACTGa,1_13_8
cGACTCAACCGg,tACGTTCGGAAa,1_14_8
cTTGTCCAGATg,tTATCTTACGGa,1_15_8
cTTCGGCATGAg,tAGACTGGTTAa,1_16_8
cGTTCTGTACTg,tGAACTACACGa,1_1_9
cTTCTGGCTATg,tGTATAGAGAGa,1_2_9
cCTACCGTAGCg,tCGCAGAGGTTa,1_3_9
cTTGAGTCGAAg,tTCAAGCAACGa,1_4_9
cCTGTGATACCg,tAATACGAGCGa,1_5_9
cATGTGCTCCTg,tATGAACGGAAa,1_6_9
cCCTATCGACAg,tACTTAAGTCGa,1_7_9
cGCTATGTGCTg,tGACATAATCGa,1_8_9
cCCTTATCTGTg,tATAGATGCGGa,1_9_9
cGAACGGACACg,tCGAGATCTTAa,1_10_9
cTCCTACAAGTg,tGGCAATCTTGa,1_11_9
cTTCCATCGTTg,tGACCTATCGGa,1_12_9
cCAAGTGACTTg,tATGGATGCCTa,1_13_9
cCCATATATCGg,tAGGTACGTTGa,1_14_9
cCTTGACTCCAg,tCCTATTCCGGa,1_15_9
cTGTCCACGAGg,tGCTTCGTTGAa,1_16_9
cTGTACGCCTAg,tTAAGGTAACGa,1_1_10
cCATTCGTCGTg,tCACACATGTTa,1_2_10
cTGGTCTTAGGg,tGAGTATAGGTa,1_3_10
cGTGACCGATCg,tACGAGTTGCGa,1_4_10
cAGAGCTTGACg,tACACAATTCGa,1_5_10
cGAGTAGCCTCg,tACTGTTCTTGa,1_6_10
cCAATCCGGTTg,tAATGGTCTGAa,1_7_10
cTATCATTGCCg,tATGGATCTCAa,1_8_10
cGTCTCTGCGAg,tAGATCGGCCAa,1_9_10
cTAGTGACTACg,tGAATGTTACGa,1_10_10
cGATCAGCCTTg,tAATATGGCCAa,1_11_10
cTCTAGAAGGTg,tGAATCGGCAAa,1_12_10
cGTGTCTAACGg,tGCTAGATCGAa,1_13_10
cCCATAGACGTg,tAGACCGGAGTa,1_14_10
cTCTGTTCACCg,tAGAGCTCAGAa,1_15_10
cGTCTTGTCTCg,tAGTGTCGACTa,1_16_10
cCTAGAGCAGTg,tCAAGAACTAGa,1_1_11
cGCGTAGTTCAg,tACTCATCTGGa,1_2_11
cGGTTCTTCGTg,tCTGGTCTCTAa,1_3_11
cTCGCCATGATg,tAGATCAGAGGa,1_4_11
cCTTCTACTGGg,tCTGTGTTCAAa,1_5_11
cCTTCCATGATg,tCCTTGCTTCGa,1_6_11
cTGTCGGATTAg,tCCAACTGGTTa,1_7_11
cGTGTGGCAAGg,tGATCTGAGGAa,1_8_11
cCCTACGGAATg,tAGCTAGTGATa,1_9_11
cTCTGGTCTAAg,tGTATAGCTCTa,1_10_11
cTGAATGTCCTg,tTCAAGCGGTAa,1_11_11
cCTGGTTACGTg,tAGACGTTAGAa,1_12_11
cCACTCTGCCAg,tAGTTACCGTAa,1_13_11
cGAGCAATGCGg,tCTGATCATTGa,1_14_11
cTCCGACATCTg,tCCGTGATCTTa,1_15_11
cGCTTACCGTGg,tGAAGTGGCCTa,1_16_11
cTTCTGGTAGGg,tCGAACTTGCGa,1_1_12
cTCCGCGTACTg,tGATAACCGGAa,1_2_12
cTGAGCGTGTTg,tCGCAATTGTAa,1_3_12
cTAGTAGTCTGg,tCAATCTAGCGa,1_4_12
cAGATTCGGCTg,tAGAAGGTCTGa,1_5_12
cTGGCACTGGTg,tCGACATACCGa,1_6_12
cTGCGTAACATg,tTAGGATTACGa,1_7_12
cGGACGTGTCTg,tATGTTGTTGGa,1_8_12
cCCACGTTATGg,tACTCACTACGa,1_9_12
cGTTGGCCTAAg,tCGTAAGCGTAa,1_10_12
cCTCCTGGTTAg,tCTCAATTGGTa,1_11_12
cGGTCAATCAAg,tGGATACCTTGa,1_12_12
cAGGATCTGGTg,tAGACTGCGTGa,1_13_12
cGTACGGAATCg,tGGAGTGCCTAa,1_14_12
cTCCGAGTTATg,tCTGCATTCGGa,1_15_12
cGGAAGTGCTCg,tATGCATCGGAa,1_16_12
cGTCTTGTAAGg,tACACATAGCGa,1_1_13
cCTACCGTGTTg,tACCTTGGACGa,1_2_13
cGTACAGCGGTg,tACAGCGTTGGa,1_3_13
cACGGAATTCTg,tAACGGCCTAAa,1_4_13
cTGAGGTGATCg,tAGTGCCAACGa,1_5_13
cAGTTGTGATCg,tACTATTAGCGa,1_6_13
cTCAACGTTCAg,tGTTCGGCTCTa,1_7_13
cTGCGATTATGg,tGTTCTCATCGa,1_8_13
cGAACATGCTCg,tAGGTGAGGATa,1_9_13
cTGTGGAATGAg,tTCCTTCCACGa,1_10_13
cGAACCGATTGg,tCAACCGGACTa,1_11_13
cTGTACTGCGGg,tTCTCATCACGa,1_12_13
cGTGTCTCTGAg,tGCATGAACGTa,1_13_13
cCCTGAAGGAAg,tCATCGGAACTa,1_14_13
cTCCGATAGCCg,tGGCTAGAACAa,1_15_13
cCAAGCTCCGAg,tACCGGATGAAa,1_16_13
cCATGTCAGTCg,tAGACTATGCGa,1_1_14
cCTTCTTGTACg,tAGATCCTCGTa,1_2_14
cTAGCACGGTTg,tGATCAACGTAa,1_3_14
cCCTATTGGAAg,tACGTTCATCGa,1_4_14
cGACCAACTGTg,tAGTGTTCTCTa,1_5_14
cTACACTGTTCg,tAGTTAGATCGa,1_6_14
cTGTGTCTAGAg,tACATGAGTGGa,1_7_14
cAGCGACTTGTg,tACAGGTGTTAa,1_8_14
cAAGTGAAGCCg,tAAGCTGTCTAa,1_9_14
cCCGGACTTGTg,tACGAGGTTGAa,1_10_14
cCCTTGTGAGGg,tACTTCGGCATa,1_11_14
cACAATCGGAGg,tAAGCTTGCGTa,1_12_14
cTGGCACGTCTg,tCGTGAGAACGa,1_13_14
cGTCTGTATGGg,tAGTTGTACCGa,1_14_14
cCGTACTAATGg,tCATTAGGTCTa,1_15_14
cGGTTCTGTCAg,tGACGGAAGAAa,1_16_14
cTTCCGTATAGg,tCATTGGCTTGa,1_1_15
cGGACTCTTGTg,tCTTGTCTACGa,1_2_15
cCTAAGTCGTTg,tAATGGAACGGa,1_3_15
cTGTGGATCGTg,tAAGACCTTGGa,1_4_15
cCGAATTGGCTg,tCCGTGTTGTAa,1_5_15
cCGGACGAATCg,tAGGAACATCGa,1_6_15
cCCATCTAAGTg,tACGCATGGAAa,1_7_15
cGTGAACGAGAg,tCATCGATCAAa,1_8_15
cCTCTAACTGTg,tCCACGCATGAa,1_9_15
cTCGTGCCACTg,tCGTATAGCGGa,1_10_15
cTTGCGGAAGTg,tCTGATGCAAGa,1_11_15
cCTTCAGCTACg,tCTACTTGTCGa,1_12_15
cGTCGCGTAACg,tCAGAGTAACGa,1_13_15
cCAGGTGCTCTg,tATTATCGCGAa,1_14_15
cCTATCGAATCg,tACCAACGTCGa,1_15_15
cGTCATACGTCg,tGACGGAGTGAa,1_16_15
cCTACAGTGACg,tCGTTCATAGAa,1_1_16
cCAATACTGGTg,tACAATGACCGa,1_2_16
cTCAACCTGGTg,tCTAATGAACGa,1_3_16
cCGCCATGTTGg,tCCGATCAGTAa,1_4_16
cTCTGTGGTAGg,tACTGTGACGGa,1_5_16
cCCAAGATCCGg,tCAGTGTATCTa,1_6_16
cCCACACAGCTg,tACAGCGTGAAa,1_7_16
cCTGGTAGTCAg,tAACATTCGGAa,1_8_16
cCTTCTCACTAg,tAGACGGATAGa,1_9_16
cTCTTGGCTACg,tTAACCGTTCGa,1_10_16
cCTACATCTGTg,tAGATAGTCCGa,1_11_16
cCCTTCGATCCg,tAGGAAGGCCTa,1_12_16
cCTTCTTACAGg,tAGCGGTAAGGa,1_13_16
cTATGATGTGGg,tTAATCCAACGa,1_14_16
cGTCAACAGCTg,tCGTTGTCGAGa,1_15_16
cGGAGATCCTGg,tCTGCAGAGATa,1_16_16
cTTAATCCGGTg,tCATCTCTGTAa,1_1_17
cGTAGTGTTCTg,tACCAATGGTAa,1_2_17
cAGGCACGAGTg,tAACCTTCACGa,1_3_17
cGTCAGATCCGg,tAGGTGTCCAGa,1_4_17
cCTAGACCGTAg,tAACAGTGACGa,1_5_17
cGAGAGAATGTg,tCTAATCGGTAa,1_6_17
cCGAGAGTGCTg,tCACGTATCGTa,1_7_17
cGGTAGTCCGAg,tAACGGCTTGGa,1_8_17
cGAGGAGTGTCg,tCTCCTATACGa,1_9_17
cCAAGTCGAGTg,tAAGTTCTACGa,1_10_17
cCTCTCTTCGTg,tACCAGGCTTAa,1_11_17
cCATGAGTGCCg,tAGTGATGTAGa,1_12_17
cGTATTCGGCGg,tACATGGAGTAa,1_13_17
cTCTAGGCGTTg,tCTGGAACCAAa,1_14_17
cCTAGGAATGGg,tAGGAAGCGGAa,1_15_17
cGGACAACCGAg,tCATGCATTCTa,1_16_17
cCTACTGTTGTg,tATGGACCATAa,1_1_18
cCCGACTAGGTg,tCACTTAGCGGa,1_2_18
cTCCGGATGGTg,tAATCTCCGAGa,1_3_18
cTCGCAGCCTTg,tCTATGTACCGa,1_4_18
cTGGATTCCGAg,tCGTAACGTGGa,1_5_18
cGCGACGATTCg,tATCAGTGTTGa,1_6_18
cGAGCCAACATg,tATGTTGCGGAa,1_7_18
cTTCTAGAGCTg,tTGGTCTATCGa,1_8_18
cGTTGCGGTGAg,tGTAAGATTGGa,1_9_18
cTCGACTTCGTg,tAGAGCGATCGa,1_10_18
cTTGCTTGCTCg,tGCATATTCGGa,1_11_18
cCCTACGAGTCg,tAGGCATGTCGa,1_12_18
cTCTCCTAAGTg,tGTGAGATTCAa,1_13_18
cCTTCCGAAGGg,tACCGAGCTTCa,1_14_18
cTGCTCTGGTTg,tCAGATCTACCa,1_15_18
cGTGATTCTTGg,tATGTGCTAGGa,1_16_18
cCCAGTGAGTCg,tATTGAGCGTAa,1_1_19
cCCAACAATGTg,tCATATGATGGa,1_2_19
cTTGTCGGCCTg,tCATGTTGTCGa,1_3_19
cCTTGCTCTGTg,tACAGATTCCGa,1_4_19
cGGTGCGAATGg,tATATGACGGAa,1_5_19
cTGTACATCTGg,tTCTAGTCGGAa,1_6_19
cCACTCAGAGTg,tAATCGTGAGAa,1_7_19
cCGCATCGTCTg,tAATGCAATCGa,1_8_19
cTGCACATCGTg,tAAGCTATCCGa,1_9_19
cGCATCGTGTTg,tCAAGCTTCCTa,1_10_19
cTCTTAAGCGTg,tGACGCACAGAa,1_11_19
cCAAGTGTCCGg,tACAGACATCGa,1_12_19
cTTGGTCACTTg,tGGATAGAGCTa,1_13_19
cCCTCTACGAGg,tAGCGTTGTTGa,1_14_19
cTACGGTCTTGg,tGCTTATACGTa,1_15_19
cTGGTCATCCTg,tCCGTGGTAGAa,1_16_19
cCATGTAACACg,tACCTGATTCGa,1_1_20
cTACTGTACGTg,tCATGTCGTGAa,1_2_20
cTACTAGCTGTg,tAGTGTCTATGa,1_3_20
cCGTGTATTACg,tAAGGAGATCAa,1_4_20
cTTGACGTAGAg,tTTATCTTGCGa,1_5_20
cGGCTTAGTCTg,tGCCTTCATCAa,1_6_20
cCTCCTAGGACg,tCAGTGAACGGa,1_7_20
cGGTCTGCTACg,tCAACACTTCGa,1_8_20
cGTACCGATGTg,tCAACTGGTAAa,1_9_20
cCCAGGTACTAg,tCACGCATACGa,1_10_20
cTCTATGCGCGg,tGGCCTGCATTa,1_11_20
cATCTTAGCCAg,tAGGTAGGTAAa,1_12_20
cAGTAGGCGTGg,tACTACTTCCGa,1_13_20
cCCACTCACACg,tCACTCCGTTGa,1_14_20
cTGGCTATTGCg,tTCCATGTTCGa,1_15_20
cCTTCTAGCATg,tCTGTACACCGa,1_16_20
cCGGTAGCTTGg,tAACATAACGGa,1_1_21
cATGTCTGGTGg,tATCTATACCGa,1_2_21
cTCGTGTCTCCg,tGCAAGCTGTTa,1_3_21
cTCCATCTTGTg,tAATGCACGTAa,1_4_21
cGCGTGATGTCg,tCTAGTATTCGa,1_5_21
cCTTCAGGATCg,tCCAACTAACGa,1_6_21
cGACATACGGTg,tCGGATAATGGa,1_7_21
cCTACAAGGCCg,tATATCACCGTa,1_8_21
cGTTCGACTTAg,tGTAATGGCCAa,1_9_21
cGCAATGTATGg,tACATTCACGGa,1_10_21
cGTCTCTTGCTg,tGTAGTGTGAAa,1_11_21
cCGGTACAGCTg,tATCGGCTACTa,1_12_21
cTCGCTTCATTg,tATGTATGTCCa,1_13_21
cCGCCATAATTg,tATCCTGATCTa,1_14_21
cTGAATGCGTCg,tTCCGATCTAGa,1_15_21
cGTCCAGTCTGg,tGTACGGCTGAa,1_16_21
cCTGTGTAACAg,tACCGATACGGa,1_1_22
cGTCACGGCTTg,tGTATCCTGTAa,1_2_22
cACGTGCGTAGg,tACATGGTCTTa,1_3_22
cTGCAGACGTAg,tGTTCTGGATGa,1_4_22
cCCAACGGCTAg,tAATAGCTACGa,1_5_22
cTCTTCCTTGTg,tACTATCTCTGa,1_6_22
cTACCTTGGTAg,tCACCTTATCGa,1_7_22
cGATCGTTCTGg,tGAACCTGTCGa,1_8_22
cTAGTCATCTCg,tGACTGTAGCGa,1_9_22
cAGACCGATTCg,tAACTCTCTGTa,1_10_22
cTAGTCGCGTAg,tTACATGGCGGa,1_11_22
cCCACATCGGAg,tACGGCCACTTa,1_12_22
cTACTCTGTGGg,tAAGCGGATTGa,1_13_22
cGCGAATCGTGg,tAATTCCGTCGa,1_14_22
cTCGGCACATCg,tATTGTCCGTGa,1_15_22
cCCGTACTGAGg,tCACGGTCTGTa,1_16_22
cAGACTCATACg,tACTCTGTTGAa,1_1_23
cGTTCATCCGTg,tCCATGGTGAAa,1_2_23
cTCAGAGCTGTg,tTAGTATACGGa,1_3_23
cCTCCGTAACCg,tATGGTAGTGGa,1_4_23
cCCTGTCTTGGg,tAACGGAGAGGa,1_5_23
cCGACATGACTg,tCCAGGTTGTTa,1_6_23
cGGAACGGTTAg,tAAGCGTACGGa,1_7_23
cCGTCGTAGTCg,tACACAGCGTAa,1_8_23
cGAGTTGTGCCg,tACATGTCAGAa,1_9_23
cAGTCCTCGGAg,tAGCAGTAGAGa,1_10_23
cTCGCACAGAGg,tGATATGAACGa,1_11_23
cTCAGTGGACGg,tCAGAGCGGAAa,1_12_23
cCCAATAGCGAg,tCACGGCTATGa,1_13_23
cCCTGGACGATg,tATGCGATTCGa,1_14_23
cTCAGGTGTACg,tCGTGACTATAa,1_15_23
cGAGTGACGAGg,tCTGGTCAACTa,1_16_23
cTTAGTGCGAGg,tTATTGTCACGa,1_1_24
cATGGACTCCGg,tACTGGTTGTAa,1_2_24
cAGTCTCCTGTg,tAAGGCCTCTAa,1_3_24
cCAGATTCTGTg,tATAGCTCTCTa,1_4_24
cCCACTAGATGg,tATGTCGAGAGa,1_5_24
cAGTTCGGATTg,tACACGGTTAAa,1_6_24
cGCATTCGGACg,tAACGTCAACGa,1_7_24
cTGTATTCCACg,tTGAGGATAGAa,1_8_24
cCAAGGTCGTAg,tACGGCTATAAa,1_9_24
cCTGATACGGAg,tATCGGACAAGa,1_10_24
cTACGTGGATCg,tGGCTCCATTAa,1_11_24
cGACTCATCGTg,tCAAGTCCGTGa,1_12_24
cGATGGTCTCTg,tCCTGCTTAAGa,1_13_24
cCTTAGCGAGTg,tACGGTACATGa,1_14_24
cGTTACGATCTg,tCAGGTAAGATa,1_15_24
cTCGGAATTGAg,tCTCAAGTACGa,1_16_24
cTAACATGCCAg,tCTGGAATGTAa,2_1_1
cCCAACGTGACg,tCAAGAGATCTa,2_2_1
cGACACTAGAGg,tCTAGGTTCATa,2_3_1
cTGTCACTCCGg,tGGAACTTCCTa,2_4_1
cTCCTTGAACTg,tGGAACAACGGa,2_5_1
cTGCCTATCCGg,tGGACGAATTGa,2_6_1
cTCGTATTCCTg,tGCGAAGACTTa,2_7_1
cGTCTATCATGg,tGTATTCCGGAa,2_8_1
cCTAACCTCTAg,tCAAGAGTAGAa,2_9_1
cGTAAGCTCAAg,tGGAGCTCAAGa,2_10_1
cGGTATTGTGAg,tCAGAACCACGa,2_11_1
cTAGCGTGACTg,tGACTGATAGAa,2_12_1
cTACGGTTACTg,tGGTATTCACTa,2_13_1
cAGCAGTCCTGg,tAGAACGGCATa,2_14_1
cTAGAACTCGTg,tGTCGTTGAGCa,2_15_1
cTTGCAACTGTg,tTGTAATCGAGa,2_16_1
cCTACATGGATg,tAACTTGCTGGa,2_1_2
cTCGTGCTGTTg,tATCACTTGCGa,2_2_2
cGTGGACGCTTg,tCAGTTCAGGTa,2_3_2
cTCTGGCCTTGg,tGGAAGAATGAa,2_4_2
cCTGTGTCTTCg,tCAGGCCATCAa,2_5_2
cTACATAGTCCg,tCGGACTAGAAa,2_6_2
cTCACCGATGGg,tACGTGGTGATa,2_7_2
cCTATCAGTCCg,tAACGAAGTCGa,2_8_2
cGACCTTCAGTg,tGACAGGTCAAa,2_9_2
cTCTCAGAGAAg,tTCCTCAGTCTa,2_10_2
cGGAATGGAGTg,tCCACAACGTCa,2_11_2
cGTATAGGTGAg,tGAGACCTCTGa,2_12_2
cTACCAGTAAGg,tGTACTGCGTAa,2_13_2
cTACCGCCAGTg,tGAACCTTGGCa,2_14_2
cTCACATCCTGg,tGTGACGTACCa,2_15_2
cACGACCGATAg,tAAGTAGTTCGa,2_16_2
cCTAATGGTTCg,tAAGATCGGACa,2_1_3
cTCTCCATTCAg,tGTTGGAGTAGa,2_2_3
cGTCAATTGCCg,tGCGTATACAAa,2_3_3
cGGTGAGTACTg,tGGAAGCCTTAa,2_4_3
cCTTACAACAGg,tCTGCCTATAAa,2_5_3
cTATTCGTACCg,tGAAGCTTGTAa,2_6_3
cTAAGTCGTGGg,tGTGATCTGGAa,2_7_3
cTCCTTAGCAAg,tGTTAGCTTCGa,2_8_3
cCACTTCGCCTg,tAATCCGATGGa,2_9_3
cTTCGGTTGACg,tGAGAGTAGAAa,2_10_3
cTGAGATCAGTg,tCCACAATAGAa,2_11_3
cTGACGGTATAg,tGAGGCGGTAAa,2_12_3
cGTGTTCCAATg,tGTCAGTTGGAa,2_13_3
cTCTCCAGTGTg,tCGATAGAGTCa,2_14_3
cAGAGAAGTGGg,tACTGATCTCCa,2_15_3
cCTCAGGCCTTg,tAGGCCATGACa,2_16_3
cCTATTGGACTg,tCCGGTAGATAa,2_1_4
cCGATTCCGTAg,tACGTCGGATGa,2_2_4
cGAATCTGTTCg,tAGATGATCGGa,2_3_4
cGTACCGACAAg,tGGAAGTACAAa,2_4_4
cTGGATAGCTAg,tAGCTATGTGGa,2_5_4
cTCGACGATGTg,tCAATACGGAAa,2_6_4
cCAGGTATGTCg,tCACCTACGTCa,2_7_4
cTGATGGACGGg,tTACACTCACGa,2_8_4
cTTCAGGTAACg,tTTACCTATCGa,2_9_4
cGGACTTGCGAg,tGGAATATCCGa,2_10_4
cTTAGCAGATCg,tCCGAGTCGATa,2_11_4
cTACCTAATGGg,tGAGGTCAATGa,2_12_4
cTGGCTGGATCg,tGTCATCTCTTa,2_13_4
cTCGTCATAACg,tGACGTTGTAAa,2_14_4
cTCACGTCTGGg,tCAGAATTCAGa,2_15_4
cTTACACGAGGg,tGTTGGTAACGa,2_16_4
cCTACTCCAAGg,tCGTGTGTAAGa,2_1_5
cCCGTTGTCAAg,tAGCGCTTCTTa,2_2_5
cGTTGCTTAGGg,tGGCCTAAGAGa,2_3_5
cTGTTGGCGTAg,tGGAATGCAAGa,2_4_5
cCTACGGTTCGg,tACACTGTGGTa,2_5_5
cTCGAGCGTTGg,tGAACGAGAGAa,2_6_5
cTACCAGACGGg,tCTGGTCCGAAa,2_7_5
cTTCTAAGTCGg,tTACCTGCGTGa,2_8_5
cGCGTGCTATGg,tGACGTGATCAa,2_9_5
cACGGTAGTCCg,tACGCGCATCAa,2_10_5
cGTGGTGATTGg,tCCGCGACTAAa,2_11_5
cTCATTACGAGg,tGATGAACACGa,2_12_5
cGTTGGCATTCg,tGTCTTAACGGa,2_13_5
cTGTCTACGTTg,tCCTTGACAAGa,2_14_5
cTCGCGACGTTg,tCCACGAAGGTa,2_15_5
cTAACTCCTTGg,tGTAGACCATGa,2_16_5
cGCGTAGAGTAg,tAGGATCGATGa,2_1_6
cCCTGTCGGATg,tAGCGCAGATAa,2_2_6
cTGACAGTGCCg,tGGCAATTCCAa,2_3_6
cTCCTGCTTCCg,tGGAGTTCTCAa,2_4_6
cTTCGTAGAACg,tGTCACAAGCGa,2_5_6
cTCGACCACTAg,tGACTTCGACGa,2_6_6
cTGTAGCTATCg,tTCACGGTAGGa,2_7_6
cTTCACGTGCTg,tTGGAGTACGGa,2_8_6
cTACCACACCTg,tGGTAATGATGa,2_9_6
cTCCGAGACTTg,tGGCTCTAAGTa,2_10_6
cTGATGTCTGTg,tCCGGACCAATa,2_11_6
cTTCACCATGTg,tGATGAAGCGGa,2_12_6
cTAGGTACTAGg,tGTGCCTACCTa,2_13_6
cGTCCAACGTGg,tGGCATAGTTGa,2_14_6
cTGTACTAAGCg,tCTTAGGTCAAa,2_15_6
cCATTCACGAAg,tATCATGACGTa,2_16_6
cGCGTTCAGATg,tGCGCAATTAAa,2_1_7
cTACGATAGGTg,tCATTCGGATGa,2_2_7
cCCATTGGTTAg,tCATTGAGTAGa,2_3_7
cGTATTCGTTCg,tGGATACCAGAa,2_4_7
cGGTTCGTGATg,tCTACGACTTGa,2_5_7
cTCGACGGAAGg,tGTACACTGGAa,2_6_7
cACCTTGTCGTg,tAAGCCTTGAAa,2_7_7
cCATCTGCTCGg,tACGCACTCATa,2_8_7
cTCTTCTAGAGg,tGCTTCGAGAAa,2_9_7
cCAGGATATGAg,tACCAACCGTTa,2_10_7
cTGTTCGGCAAg,tCCGTATAGACa,2_11_7
cGTCTGTAGAAg,tGCAAGACGGAa,2_12_7
cGTTCACAGAAg,tGTGGCATCCAa,2_13_7
cTCTCTTGAAGg,tCACATCATGAa,2_14_7
cGGTCATGGAAg,tCGACGTCAATa,2_15_7
cGGTGTCACAAg,tGGCACTCCATa,2_16_7
cCATCGCCAAGg,tCACTTGTGTTa,2_1_8
cCTATACCGAGg,tCGAGAACGTGa,2_2_8
cGGACCTCGTTg,tGAGCACTCTTa,2_3_8
cGTTCCGTATCg,tGGATGTGATTa,2_4_8
cTTGGCTCCAAg,tTGGTTGAGTAa,2_5_8
cTCGAGAGATCg,tGTCGAGGATGa,2_6_8
cGTACGTTGTTg,tGACGCATCTGa,2_7_8
cGATCGACGATg,tATCGTACGCTa,2_8_8
cTACCGATGACg,tGGAACCAGGTa,2_9_8
cCGGTATTAGAg,tACATCACGTCa,2_10_8
cTCGGTATCCAg,tCCTAGCGTGAa,2_11_8
cGTTCACAACTg,tGCATTGGTGTa,2_12_8
cTGCTTCGGATg,tGTGGCCTTAGa,2_13_8
cTAACATGAGCg,tCGTGGTAATAa,2_14_8
cGGTCAAGTAGg,tGACGCGACATa,2_15_8
cTGTAGACAACg,tCGTGTCGGTAa,2_16_8
cTCATCTTCTCg,tCAATGAGATGa,2_1_9
cTCTTACTGCCg,tGTAGAGTAAGa,2_2_9
cGCGAACGGATg,tCGACTATGGCa,2_3_9
cGTACGCTTCTg,tACTCGAGGTAa,2_4_9
cTGTTGCCAGAg,tTGGAGGATCGa,2_5_9
cTGCGATGAGCg,tCTCATGCTATa,2_6_9
cCATGTTCGAAg,tCACGTAGACTa,2_7_9
cTCGTCGGTACg,tGCATAAGGTTa,2_8_9
cACTCGGAGAGg,tACGATTCGACa,2_9_9
cTGAAGAGTGGg,tAATCCTGGACa,2_10_9
cGTGGTTGGTGg,tCGATGTGAGAa,2_11_9
cTACTCCTATCg,tGCCAGATATGa,2_12_9
cTTCAACTTCCg,tGTTCTCAGTTa,2_13_9
cTCTGTTCGTTg,tGAGCAATAGAa,2_14_9
cTCAGCATGGAg,tGTGCTATGTAa,2_15_9
cTACGGAGTACg,tGGCCATAGATa,2_16_9
cTCTGAGGCCAg,tCTGACTATCGa,2_1_10
cGGTACGGTAGg,tGATCCATGGTa,2_2_10
cTACGGCAGTTg,tGGTAATGCGTa,2_3_10
cGGTACGACACg,tCGGAACACGAa,2_4_10
cTTGGCTTCTTg,tTCAGTTGCCAa,2_5_10
cGTTCCTGGTCg,tCCTTGCGGAAa,2_6_10
cTGTGTCGGAGg,tCACGCAACTTa,2_7_10
cTGTGGTAGTTg,tCGTGAGATAAa,2_8_10
cGTATGTGTCAg,tGACATTGTGGa,2_9_10
cTCGGTAAGGAg,tAATGCGGCTAa,2_10_10
cGAGGATCTTGg,tCGCAGTCAGTa,2_11_10
cGTAGCGATAGg,tGCGAAGAGAGa,2_12_10
cTGTCACATAGg,tTATGGCCACAa,2_13_10
cGGAGGCAATAg,tGAGCTCCTCAa,2_14_10
cTAACGCTGTTg,tGTATGATCAGa,2_15_10
cTTAGCAGTGTg,tGTTGCCAAGCa,2_16_10
cTACGGATCAGg,tGTCATTCACGa,2_1_11
cTGGTTGTCGTg,tCGGAAGATACa,2_2_11
cTTACGACGGTg,tATCGTGATTCa,2_3_11
cCTTCAGAGGAg,tCGGAACTTAAa,2_4_11
cCGTTACGCCTg,tCCAGGAGTGTa,2_5_11
cTTCGCTGATTg,tTGGAAGCACGa,2_6_11
cGTCATGTGCGg,tACGTCCTAGAa,2_7_11
cTTGGTGTCCGg,tACAGACCGTGa,2_8_11
cCATAAGGCTGg,tAGCAACCTTAa,2_9_11
cTTGGATTGGTg,tAATGTCTGGCa,2_10_11
cTCGGTTATAGg,tCGGAAGTGAGa,2_11_11
cGGAGAGCGTTg,tGCGGTTAACTa,2_12_11
cTGCTACCATTg,tTCCACAGTGGa,2_13_11
cTTGATACTCGg,tTCGCGATCCTa,2_14_11
cGTAGAACTGGg,tCGTTATGGTTa,2_15_11
cACTTCATCTCg,tACCGAAGTGTa,2_16_11
cGGATAAGCAGg,tCATTGAAGCGa,2_1_12
cCCGACCATACg,tATGGTGTCGAa,2_2_12
cGGCACGCTAAg,tCTGTGGCGAAa,2_3_12
cCTGTTGTGACg,tCGGATACTCAa,2_4_12
cACGCCAATGAg,tACATGGCCAAa,2_5_12
cCCAGGAATTCg,tAGCGTCCAAGa,2_6_12
cGCATCGTAAGg,tACGCCTTACGa,2_7_12
cTGGTTCTCCGg,tGACCGTTAGGa,2_8_12
cTGGAGGCCTTg,tTGATAGGTCTa,2_9_12
cTCGCCACACAg,tACACGTCATCa,2_10_12
cGGATGGTATCg,tCGGACCATGTa,2_11_12
cTATGCGTTAGg,tGCGTCACCAAa,2_12_12
cTTGGAAGAGTg,tTCCATTAACGa,2_13_12
cTTCAGAGATGg,tATGCTGACTTa,2_14_12
cTGGCTACCTGg,tTCCAGCTAGGa,2_15_12
cCTGTTAGAACg,tCGGTACCACAa,2_16_12
cTCAGACGGATg,tCGGATCTTGCa,2_1_13
cTCCGGCAATGg,tGCCTAATGCGa,2_2_13
cCTAAGCAGAAg,tACGGATTGGAa,2_3_13
cTGCTGACGGTg,tGACAACAACGa,2_4_13
cTAGACTGTCGg,tGCGTTGCGAAa,2_5_13
cGCTTCTAGTCg,tGCCATCTACGa,2_6_13
cGTGTATGTGGg,tACAATCTGTCa,2_7_13
cTCATCTACCGg,tGGTACATCCAa,2_8_13
cGATCTAGGCGg,tAACGTCATGTa,2_9_13
cTGAGTGAGATg,tACACTCGCGTa,2_10_13
cTACGAACGAGg,tCGTAACAGTTa,2_11_13
cTTGACAGACAg,tGCGTCACGTTa,2_12_13
cTTCTCCTACTg,tTCCTGATAAGa,2_13_13
cTGAGTCAACGg,tTCAACGACTTa,2_14_13
cCGTACCAACTg,tAGCGAACGTAa,2_15_13
cTTCGGTACATg,tCGGAAGACTGa,2_16_13
cGTCTACGGATg,tGTATCCGCCAa,2_1_14
cTATCCTCTGGg,tGAGGTATGGAa,2_2_14
cTCTTCCGGACg,tGGCAATACGGa,2_3_14
cGCGAGAACTAg,tAGGCCACATCa,2_4_14
cGTGGTGCAACg,tAAGGTTACCGa,2_5_14
cTCTGGAGAAGg,tGGAAGCTACTa,2_6_14
cTCGACTAACCg,tTAAGAATCGGa,2_7_14
cCTTAAGGCATg,tCGTCGTACATa,2_8_14
cTGACTCCAACg,tCGTTGGTAGGa,2_9_14
cGTGGCAATGTg,tACCATGCATCa,2_10_14
cGAACAGTTGTg,tCGTAGAACTTa,2_11_14
cTGGATGACATg,tGCTTGTCATGa,2_12_14
cTGCATGGATAg,tTGCAAGATTGa,2_13_14
cCCTTACGTTGg,tCCTCTGAACGa,2_14_14
cTAGAGAGTAGg,tCGGAATCCGTa,2_15_14
cTTCGGAACTGg,tGATTCGAACAa,2_16_14
cGTCCGTGTTAg,tCGGAGAAGGTa,2_1_15
cCATACGAAGTg,tATCGCGTACGa,2_2_15
cGTGAAGCCATg,tCGTCAGTGGTa,2_3_15
cATGGCTGTGTg,tACTATGTGACa,2_4_15
cGCTTGTCGGTg,tATACGGACATa,2_5_15
cTCAACTCGTAg,tGGTTGACTAAa,2_6_15
cACACCATATCg,tAATAAGGTGGa,2_7_15
cCAGTGTGGTGg,tAGTAGCCTATa,2_8_15
cTCTACATGCTg,tGTGGAATAGGa,2_9_15
cAGAAGTGGAAg,tACCGTACAGTa,2_10_15
cGTGGTTCATTg,tCTCTGCGGTTa,2_11_15
cGGTCTGAGATg,tGGACACTACGa,2_12_15
cTTAGCGATGAg,tTGCGAATCGAa,2_13_15
cTGGAACTACAg,tCGTAGCATCGa,2_14_15
cTGTGTTAGCGg,tGCGGTTAGTAa,2_15_15
cGTTAACTGGTg,tATTGTCGAACa,2_16_15
cTTCATGATGGg,tTGAACAATCGa,2_1_16
cTTGTCCTCGTg,tAACGGTCAATa,2_2_16
cGTAGCACGATg,tGCTGCTGGATa,2_3_16
cCCTTACGAACg,tAGGTAGGACGa,2_4_16
cTTGCCTCAACg,tAGTGGCGAAGa,2_5_16
cTTATCGCCAAg,tTGCCACCGTAa,2_6_16
cCGTAACTCAGg,tCAACCTCAGTa,2_7_16
cTCCAGGTATTg,tCTACCGGATGa,2_8_16
cTCCAAGGTACg,tGTTGATGTTGa,2_9_16
cGTGAGTTGATg,tACGATCTAGCa,2_10_16
cGTCTAGATGTg,tCTGTAGATGGa,2_11_16
cGGTAATTCTCg,tGGACCATACAa,2_12_16
cTTCAAGGCTAg,tTGCTGTCCGAa,2_13_16
cTAGCGTCCTAg,tGCGGACTAAGa,2_14_16
cTACAACGGCTg,tGTAGGTTCGGa,2_15_16
cTGGTAGGCTCg,tTAGACGTGGTa,2_16_16
cGCTAGCCTCTg,tGCGCAACCTAa,2_1_17
cGGTGACTGACg,tGGATCGAGTAa,2_2_17
cTACTCTCCTCg,tACGGAACTAGa,2_3_17
cGACCAAGGAAg,tCAGTGGTTGTa,2_4_17
cGTAGTCGGATg,tGCGGTAATCAa,2_5_17
cGTGCGTATTCg,tGATTATGTCGa,2_6_17
cTCCGTGCGTAg,tGAAGATCAGAa,2_7_17
cGGCCTACACAg,tCTAGGCGAGAa,2_8_17
cTCTACGTGAAg,tTATGAGATCGa,2_9_17
cGAAGTGAAGTg,tACGGTCCTATa,2_10_17
cGGTGAATTGAg,tCTGTTAAGCGa,2_11_17
cGGTAGTGTATg,tGGACCTTGAAa,2_12_17
cGTAGGTATGCg,tGGCAACCTGTa,2_13_17
cGTTGAGCAATg,tCTGGAGTATGa,2_14_17
cGGCTGGTGAAg,tCGACTCCAGAa,2_15_17
cTTATGGAACCg,tCGTTCCAGAGa,2_16_17
cCGTCAGGCAAg,tCGACGGCTTAa,2_1_18
cCCTTAGAATGg,tAGGATCCGAAa,2_2_18
cAGTGCCATGTg,tACGGAGTATTa,2_3_18
cTGGAACGATCg,tGCGTTATCAGa,2_4_18
cTCTGGCAGTCg,tCAGACTGAGAa,2_5_18
cAGTGATTCACg,tACCACTGTGAa,2_6_18
cCTACGAGGTTg,tATCCAAGGCGa,2_7_18
cTTAGAGCTTCg,tTTAAGTCACGa,2_8_18
cGTCCACTAGTg,tCTAACATACGa,2_9_18
cCAGAGGTGTTg,tACTTAGCGTCa,2_10_18
cTGGACGATAAg,tCTTACTGGCGa,2_11_18
cTTCCTGTAGTg,tGGACGTAGGAa,2_12_18
cGTCAACCAAGg,tCTTGGAGTGAa,2_13_18
cGGCTATTGGTg,tGGCCACACTTa,2_14_18
cTGAGTAGAGGg,tCTGTCAAGGTa,2_15_18
cGAGGCGTTGTg,tATTGGCCATCa,2_16_18
cCTTACCTAAGg,tATGGCAAGATa,2_1_19
cTATCTGAACCg,tGATACTATCGa,2_2_19
cCATTCTCAGAg,tACGGATAGATa,2_3_19
cTTAGGCTAAGg,tGATAGGCCTAa,2_4_19
cTTGATGCACAg,tTCTTGTTCCGa,2_5_19
cTCATGGCAAGg,tGTTGCCTGGAa,2_6_19
cCCGTTCTTCAg,tCAGATACTTGa,2_7_19
cCTTACGGAGCg,tCGGATAGTTCa,2_8_19
cCATGGAGCCAg,tAACATCGGTTa,2_9_19
cTTGTGTAGAGg,tAGGTTCTAACa,2_10_19
cGGTGATAAGAg,tGAACGTACGTa,2_11_19
cGTGGTAAGAAg,tGGACTGACGTa,2_12_19
cTCGATCAGGCg,tCATGTGGTATa,2_13_19
cTCGTTGACACg,tGTACATGACGa,2_14_19
cGGCTTAGGTAg,tCTAGCTACTTa,2_15_19
cTACCGGCTACg,tGGTCAACATGa,2_16_19
cAGCGTGTGGTg,tAACGGACGGAa,2_1_20
cGGTGCCAGTAg,tGAGATCCGTCa,2_2_20
cGACTCCTGATg,tCCGGAATCATa,2_3_20
cCTAGGACTCTg,tCCGGTAACAAa,2_4_20
cTAGTCCGTGTg,tACCAAGCTGGa,2_5_20
cCTCTGGCATGg,tCGGTTCAAGGa,2_6_20
cGGTCACGATCg,tACGTAAGGACa,2_7_20
cGTGTGTTAACg,tCCATCAGCTGa,2_8_20
cGCTGCATTGTg,tGCATGGTTATa,2_9_20
cTCATGGTGGTg,tATATAGGCCTa,2_10_20
cTGCATGTAGGg,tGAACTCGAGGa,2_11_20
cTGTCTCCTCAg,tGGAGAGTTATa,2_12_20
cTGTCTGACTCg,tTAGAGACACGa,2_13_20
cTGCCAGATGTg,tCCTGCGCATTa,2_14_20
cTCTAAGCTCAg,tCATAGCTAGAa,2_15_20
cGTTCTAGTGAg,tAGACAGAACTa,2_16_20
cTGTCGCTTGTg,tGCTAATACCGa,2_1_21
cCTCCGGTATCg,tACTCACAGGTa,2_2_21
cGGTCGTAGAGg,tCCGGATTCTAa,2_3_21
cTCACGCCATTg,tCGGAGTGTGTa,2_4_21
cTCCACAACACg,tGGTTAGGAATa,2_5_21
cTCGATGAGAAg,tGACTACCGTCa,2_6_21
cCGTATCAGGAg,tCGTATACTGTa,2_7_21
cCAACCGATATg,tAGGCGGAGATa,2_8_21
cTGCGGCTAACg,tGATAAGTGCGa,2_9_21
cCAGAGTTAGTg,tATGATTCGCGa,2_10_21
cTCCAGTGTGTg,tGAAGATATCCa,2_11_21
cGGTGAAGAGTg,tGGAGCACGTAa,2_12_21
cCTTGCGCCATg,tCTCACATAGTa,2_13_21
cGTCAGGCTACg,tGCGGCATGAAa,2_14_21
cCGACTTCTTGg,tAGGTCATCGAa,2_15_21
cGTTGAAGCTCg,tCTTACGCACGa,2_16_21
cTGTAAGGCAGg,tTGCGGACATTa,2_1_22
cCTTCGGTAAGg,tCTTCGGCACAa,2_2_22
cTCTTGCGTTAg,tGCGGAACAGTa,2_3_22
cTTCCGAACAAg,tAGACACCGGAa,2_4_22
cCTTGACACGTg,tAAGTCGGTAGa,2_5_22
cTCCACCGAGAg,tATCTCTAGGTa,2_6_22
cGTGCCATTGCg,tGGAACACTCTa,2_7_22
cGACCTGAGTTg,tCAGACATCCTa,2_8_22
cACGGATGTTGg,tAATCGCGTAAa,2_9_22
cGTGTTGTGTTg,tATGCTAGAGAa,2_10_22
cGTCAACTACAg,tGAAGTTGATGa,2_11_22
cTTGTGTGTTGg,tGGCAACAGTAa,2_12_22
cTCTCTCTGACg,tACAGTCGAGGa,2_13_22
cTGCTACTGTCg,tCTCTGCGACAa,2_14_22
cGTTGAGATGGg,tAACATGTGTCa,2_15_22
cGGAGTAACTGg,tAGTGTCCTTCa,2_16_22
cAGGTTCCGTGg,tACCTAGATCAa,2_1_23
cCTACTACACAg,tATCACGACCGa,2_2_23
cGGACGATAGTg,tCCTGCATCGAa,2_3_23
cCTTGCGTTCCg,tAAGATGTGAGa,2_4_23
cCATGGTGCATg,tCACGACTGTAa,2_5_23
cTCGAGGAACTg,tGCGAGTCACTa,2_6_23
cGTACAGAAGGg,tGTACAAGGTAa,2_7_23
cCGGTGTTATTg,tACGTAGAATCa,2_8_23
cATAGGTATCGg,tAATGTTCGTCa,2_9_23
cGGTTGCGGTTg,tCACGACATGCa,2_10_23
cTCCTCTCCATg,tGACGATGGATa,2_11_23
cGTAGAGAGGAg,tGGCTTCTTGGa,2_12_23
cTCCTTAAGCCg,tTAGTGGCTGGa,2_13_23
cTGCTCGTCATg,tGGATCAGCGAa,2_14_23
cTTGGATACAGg,tCGCATTACCTa,2_15_23
cCTACACTATCg,tACTGTTGTGTa,2_16_23
cTCGTCACTGTg,tGTAGGATGGTa,2_1_24
cTGCACAGAACg,tTGAGCTTCCGa,2_2_24
cTTGGACCGAGg,tGGAACAGATTa,2_3_24
cCATCTCAACAg,tCACGCGGATTa,2_4_24
cTGCGTGTTGCg,tTCGATCCAGTa,2_5_24
cTCTCCACCTCg,tCGAGGAGATTa,2_6_24
cTGGTATCATGg,tGAATTAGCCGa,2_7_24
cTGCCTTGCATg,tGGCTAGACTGa,2_8_24
cGTTAACCGACg,tGGTACTTCAGa,2_9_24
cGTCAATGGTTg,tCACGGTAATTa,2_10_24
cGTAATCGACTg,tGACTCGTCAGa,2_11_24
cTCCAACGAAGg,tGGTAGTATTGa,2_12_24
cAGCTATGCCAg,tAAGCTACAGTa,2_13_24
cTGCTGTGTAAg,tTCGCATTCGAa,2_14_24
cTTATCCAGGAg,tTGGCGTTCGTa,2_15_24
cTGCAAGTCCGg,tCGGAGCGATTa,2_16_24
cCTTCCACCGAg,tCGCAACTACTa,3_1_1
cTCATCGTCGAg,tAGAATCGTGTa,3_2_1
cTCCATACGATg,tGCTGGACACTa,3_3_1
cAGTTGGCAGTg,tAGCCAGAATCa,3_4_1
cGTGATGGCTCg,tAGCCTCCTAAa,3_5_1
cGATCTGCAATg,tGACGAGTTCTa,3_6_1
cGTCATACTGAg,tGACGTACTCTa,3_7_1
cTAAGCGACAGg,tCCGCCTAAGAa,3_8_1
cGACACATTGGg,tAGGTGTCACCa,3_9_1
cTAGTCGAAGGg,tCGTCACTAGGa,3_10_1
cCCGAGACATAg,tATACAGATCCa,3_11_1
cAGTGCTGTGAg,tAGGAAGTATCa,3_12_1
cTGAACTCACCg,tGCATAGATCCa,3_13_1
cTGATGAATCCg,tTAGCCTCTCAa,3_14_1
cGTACTAGCAAg,tGCCATTCAATa,3_15_1
cAGTCCGAGTAg,tACCGACGTTAa,3_16_1
cTATCCTCACTg,tCTACTGAGAGa,3_1_2
cTGTCTTGCTAg,tGGTTAGCGAGa,3_2_2
cTCGTGGAGTGg,tTAGGAAGGCGa,3_3_2
cTCGTGTACTTg,tGTCGGACCTAa,3_4_2
cTAGCAGAAGAg,tGACTAGTCTTa,3_5_2
cTGCCATACAAg,tGACGATATGGa,3_6_2
cGAGGAATTGCg,tAGCTGTATGTa,3_7_2
cTCGGCCTAGTg,tAGGTAATCACa,3_8_2
cTTGAAGCGTTg,tGGTCTCGTTAa,3_9_2
cAGAGCGACACg,tAAGTCGAACTa,3_10_2
cCTTCAAGCTGg,tAGCCACACGAa,3_11_2
cTTCGAGTCAGg,tTCACTCCGTCa,3_12_2
cTCCACCATAGg,tGCTTGCAATCa,3_13_2
cGCAAGTTAGAg,tGACTACGTGAa,3_14_2
cTATGCCATGAg,tTAGCAGCTAGa,3_15_2
cGACCTGGACAg,tACAGGAGATGa,3_16_2
cCATCACGTGTg,tAAGGTGTTCCa,3_1_3
cCCGAGAAGAAg,tCATGGTCTAGa,3_2_3
cTCTCACGAGTg,tGGACACACAAa,3_3_3
cTTGAGCTGGTg,tTGCTAAGCGGa,3_4_3
cAGTCTCGCCAg,tAAGGCCGGTTa,3_5_3
cATCGCCATCGg,tACGTGAATGTa,3_6_3
cTAGGCATGAGg,tAATCACGCCTa,3_7_3
cTGAGTACTCCg,tTCAACCTCCGa,3_8_3
cGATAGCCAGTg,tGAGTGGAACGa,3_9_3
cTCTGACGCACg,tGCCTAGAATTa,3_10_3
cTCCTGCTCAAg,tCGACACAAGTa,3_11_3
cTTACTACGTGg,tGCTGTTGTTAa,3_12_3
cTAGCAACGTCg,tGGAGAAGTAAa,3_13_3
cCCGTTCCATTg,tAGGCTTGGAGa,3_14_3
cAGAAGCGATAg,tACAGTGATCCa,3_15_3
cGCAAGGTAACg,tAGGCTCTGTAa,3_16_3
cATCAGCTCAGg,tACCGCGAAGTa,3_1_4
cTTAGACACTCg,tTCGCGTAGGTa,3_2_4
cTGATTCCAGGg,tTCCGCAACCAa,3_3_4
cGTGCGGAGTTg,tGTACAGACTTa,3_4_4
cTAGTGTAAGCg,tGGTTACTCGAa,3_5_4
cTGGAACGGAGg,tGTTAGAGGTAa,3_6_4
cAGAACGTGCCg,tACGGACAGTAa,3_7_4
cGTGAACGTCGg,tGAACCACGCTa,3_8_4
cTCAACAGACCg,tGGACACTGATa,3_9_4
cGTCGCATCATg,tAACACTCGATa,3_10_4
cCATACGTCAGg,tAAGGCGTGATa,3_11_4
cTTAGAACGACg,tTGGCTGTTCAa,3_12_4
cTCCATGCCAGg,tGGAGCTATTAa,3_13_4
cTTCGTAGCCTg,tTGGCGACACTa,3_14_4
cGTTGTGGCACg,tGTTGACGTGCa,3_15_4
cTGCTAAGTTCg,tAACTGGCGTAa,3_16_4
cTTAGGTGCCTg,tCGATAGATAGa,3_1_5
cTACGTGTAGAg,tCCGAGAGTACa,3_2_5
cTCCGGTTCGAg,tGCTTCATGTAa,3_3_5
cAGGCTGAATGg,tAACCTGCTCAa,3_4_5
cTTGTAGGAGCg,tTCTGATCCGGa,3_5_5
cCAACACGGTCg,tAGAGACTGTAa,3_6_5
cTACAGGTTGTg,tCGACAACGCTa,3_7_5
cTGTAGAAGCGg,tGCCTACCACTa,3_8_5
cGGAGTGATACg,tCGTTGGATATa,3_9_5
cGTCGCAAGTAg,tGCCTTCGGTTa,3_10_5
cGAGAAGGCAAg,tGAAGCGCCTTa,3_11_5
cCCAAGGCATGg,tATGAGGCGAGa,3_12_5
cTCAGAACCGAg,tGTAAGAGCATa,3_13_5
cGCTAATATGCg,tGCGAATATCAa,3_14_5
cAGGACCTTCAg,tACGTGTCTGGa,3_15_5
cATACAAGCACg,tACCACCATCCa,3_16_5
cCTAGCTCAATg,tCGTTATCCGGa,3_1_6
cTTGCCAGCTTg,tGGCATATAAGa,3_2_6
cCTAATGCGACg,tCGCATGATGTa,3_3_6
cCTGTTCCTGGg,tAGATTGTGGCa,3_4_6
cTCATGGCTCAg,tCCATAAGCCAa,3_5_6
cGGAATACGACg,tCGGTTGTATGa,3_6_6
cTCTTCCACATg,tGTGGAGCTAAa,3_7_6
cTGAGCGACCAg,tGCCTCCACAAa,3_8_6
cTTGATCTGTCg,tTTCGATGACGa,3_9_6
cTAAGCACACTg,tGGCTAGCTTAa,3_10_6
cATTGTGCTCGg,tATGGCCTTGAa,3_11_6
cTTCTTCGTCTg,tTATAGGCGAAa,3_12_6
cTTGCTAACGAg,tGTCAGTGACTa,3_13_6
cTGAGAGTAACg,tGCGATGATATa,3_14_6
cCACTATGAACg,tAAGTTGCAAGa,3_15_6
cTGACATGCAGg,tATCGCATTAGa,3_16_6
cCAACGATTGTg,tAAGCGCTAATa,3_1_7
cACCTCTCGGAg,tAAGCCTACTTa,3_2_7
cTAGGTGTGGCg,tGCGGAAGTATa,3_3_7
cGGAGTCGACAg,tGAGAATGGCTa,3_4_7
cGATGACACTTg,tCCGTATAAGGa,3_5_7
cTTACGTGATGg,tGACGAGCAGTa,3_6_7
cGCTTGCTGACg,tAGTGGACATGa,3_7_7
cTGCGACGACAg,tGCCTCTGATGa,3_8_7
cTTCGCATCTCg,tGTATCACTGCa,3_9_7
cCCTCACAAGCg,tACTCTAGAGGa,3_10_7
cTCCAATGATCg,tGTTAAGACGTa,3_11_7
cTTCGAGGTGTg,tATTCGCAACCa,3_12_7
cTAAGTCCTCAg,tGTGACAGTAAa,3_13_7
cATCCTCGTCAg,tATATCCGGATa,3_14_7
cGTGATCTTACg,tATCCGGAAGCa,3_15_7
cCACGTAGTTGg,tAACACGCTGAa,3_16_7
cGTCTCCATGCg,tGCAAGAGTCGa,3_1_8
cGCTTGCTCCTg,tCAAGCGCGATa,3_2_8
cGTTACACGGCg,tGTGCTACTATa,3_3_8
cTCGCCTAATGg,tCGGAGGAGTAa,3_4_8
cTGTGAGAGGTg,tGGTTCCTACGa,3_5_8
cGATCGCTATAg,tCTCTGGTGATa,3_6_8
cCCTTCAGTGGg,tAGTGGATTGGa,3_7_8
cGTCACCAGGAg,tGCCTGATGATa,3_8_8
cGAGGAAGGACg,tACTTCAGCGAa,3_9_8
cATGCGATCACg,tATACATCGCTa,3_10_8
cGCACTCATGGg,tGAGCTTAACAa,3_11_8
cGACAAGCACAg,tCGACACATCCa,3_12_8
cTGCAACCTACg,tGTGACCAGAGa,3_13_8
cTCAGCGTAGCg,tGCCTATGCTAa,3_14_8
cCCAAGCCAGAg,tCAACTTGGACa,3_15_8
cCTTACTAGGAg,tATCCATGATGa,3_16_8
cTTCGGACTAAg,tTCTGGCCAATa,3_1_9
cTCCGATTCTCg,tGGACACCATTa,3_2_9
cTGGAATCGGCg,tTCAGTGTCAAa,3_3_9
cACGGTGAGAGg,tACATCGATGCa,3_4_9
cCAACGGAGTTg,tATAGAGTGGCa,3_5_9
cGAACTTGTGTg,tCTTATGCATCa,3_6_9
cCGTCGGTTCTg,tATTCCTTGGTa,3_7_9
cGCTAACGCTTg,tGCCTGTTATTa,3_8_9
cGGTATGTACAg,tACCGCACGATa,3_9_9
cTTACGAGACTg,tTCGAATAGGAa,3_10_9
cCTTAGTCAGGg,tAACAAGGCGTa,3_11_9
cGTAGCAATCCg,tCGCGTAGTAAa,3_12_9
cTCTAACACTGg,tTAATACCGGAa,3_13_9
cGCTACAGATAg,tAGTCATTGTCa,3_14_9
cCACTAGGTGGg,tAGTCGGACACa,3_15_9
cATTCTTGTGGg,tAAGTAGATGCa,3_16_9
cTATGAGGCATg,tTACGCTGCCTa,3_1_10
cTTGTGTGCGTg,tGAGCTCACAAa,3_2_10
cATCCGTGAGTg,tAACGCGTATCa,3_3_10
cGGTCATTAGTg,tGAATATTGCCa,3_4_10
cGTTCCGCTAAg,tGCGATACTTAa,3_5_10
cCTATTCCAGTg,tCGTGGACGTAa,3_6_10
cCATTCGACTAg,tAGTCGTGTCAa,3_7_10
cTCTGAGCGATg,tGCCTTGGAATa,3_8_10
cGAGAGGTGACg,tACTCTTGCTGa,3_9_10
cGTAAGATGCCg,tACCACTCGTCa,3_10_10
cGACGCATTCAg,tAGGTTGCTATa,3_11_10
cCGCATGGCTTg,tATGGCTTCAGa,3_12_10
cTCTGACAGGAg,tTAGAGGTCTAa,3_13_10
cTGAATCACAGg,tGACAGCGTTAa,3_14_10
cTCCTAGTTGAg,tGTGAGCACTGa,3_15_10
cGCAAGGAATTg,tACGACGCCTAa,3_16_10
cGCGTGTGATAg,tCGAGTGCTTCa,3_1_11
cGTTCCACATTg,tGCGAACAATGa,3_2_11
cCCGTACGCTTg,tACCAACGCATa,3_3_11
cTGGTGGACCTg,tGCGGACGATAa,3_4_11
cCCTCCGAGATg,tATGCGGAACAa,3_5_11
cGAATGCCATAg,tACGACACTTCa,3_6_11
cGGAGGAACATg,tGAAGACGTCTa,3_7_11
cTGGAACAAGTg,tGCCTTGTTAAa,3_8_11
cGATGTCTCACg,tCTGGAGACCTa,3_9_11
cCGTATCTCTCg,tCGCCAACTAAa,3_10_11
cGCAATAGCTTg,tGCAAGCGATGa,3_11_11
cCGACCATTCTg,tCCGCTGGAATa,3_12_11
cTGGATAGGACg,tTCATTGAGGAa,3_13_11
cTAGCCACCACg,tGTACCAAGTCa,3_14_11
cACCGTTCGAGg,tAACCGCACAGa,3_15_11
cGATTCAAGGCg,tGAGTTGCACAa,3_16_11
cTACGCTGAAGg,tTAACTAGCGGa,3_1_12
cGGAGAGAATCg,tGCGATTGCTGa,3_2_12
cTGAGAAGGTCg,tTCTCAGCGTGa,3_3_12
cCCAGTAGCATg,tAGCTATCGTCa,3_4_12
cCAATGGAAGCg,tATTCGAACGTa,3_5_12
cTTAATGGAGGg,tGCGTCCATTGa,3_6_12
cGTCACACATAg,tAGTACAGTTCa,3_7_12
cGGTTGCACTGg,tGCCTCTACTTa,3_8_12
cTGGTAGACGAg,tGGCCTTATGCa,3_9_12
cTTAGACGCCAg,tGTCGTGCGATa,3_10_12
cCACCATAACAg,tAGATGTGTCGa,3_11_12
cCTGTTGGTAAg,tCGTCGAATACa,3_12_12
cTGTGAACCTTg,tTCCAGGAGTAa,3_13_12
cTTAGAAGTCCg,tGCCAACTCAGa,3_14_12
cTTAGCTGGACg,tTGAACTGTGAa,3_15_12
cGACCAACCTCg,tAATCTGCATGa,3_16_12
cTACTGTCTCAg,tGGTTCACAGTa,3_1_13
cGTGTAAGCACg,tGTCGACTCAAa,3_2_13
cTAAGGCCTATg,tCTTAAGAGCGa,3_3_13
cCCGCCATAGTg,tAATTCGGAGCa,3_4_13
cTGTTCCAGCTg,tAGGTACCATCa,3_5_13
cTACTGCGAGGg,tGAAGGACTCGa,3_6_13
cTGGTTACTGGg,tAGAACGCACAa,3_7_13
cACTTACGCTAg,tAAGCCATACAa,3_8_13
cCTAGTCGCACg,tCTAGCTGTTAa,3_9_13
cCTGCCTTCACg,tAGTGTGCATTa,3_10_13
cTTGGCAAGGCg,tCAAGTCTGACa,3_11_13
cCTACACTCCTg,tCGTCGAGAGTa,3_12_13
cTTCGAACACTg,tTCTTCGGAGGa,3_13_13
cGTGAACATTCg,tGCCAAGTAATa,3_14_13
cTACTCGGTTAg,tATGTAACGGCa,3_15_13
cGGTAAGTCGGg,tAACCGTCAGCa,3_16_13
cGGTTGGTCACg,tCTCAGCTTCTa,3_1_14
cGGATTGGACGg,tACTCGTATCGa,3_2_14
cGGTAGGCCATg,tGGCTTGATCCa,3_3_14
cGAACACAGTTg,tAGCTGTTCAAa,3_4_14
cCTGAACGGCTg,tCGCTGATGACa,3_5_14
cTGGTGCTATAg,tGCGCCTGTTAa,3_6_14
cTGTAAGTGCTg,tGACGACAATCa,3_7_14
cGGAGTAGTCGg,tGCGACCAGTTa,3_8_14
cGAACGAGCTGg,tATCCAGCTAAa,3_9_14
cCCTCTGTGAAg,tACTAACGTGTa,3_10_14
cCAACGTCGCTg,tAAGTACCTAGa,3_11_14
cGCATAGCTGGg,tAACCTCGGAAa,3_12_14
cTTGACGGTTGg,tTGCGTACGTGa,3_13_14
cTATGCGACTCg,tGCCAATCCTTa,3_14_14
cGAAGCAGAGTg,tCGGCATGATCa,3_15_14
cATCAGATGGTg,tACTGCATGAGa,3_16_14
cGACACGGTATg,tACCGGTTCATa,3_1_15
cTTCACCAACGg,tGCAGAGTGGTa,3_2_15
cGGCCTTCAACg,tGCGTAGGTTGa,3_3_15
cGACAGGCTCTg,tAGGCAACACAa,3_4_15
cTGCCATCCTCg,tTCCGGTCCTTa,3_5_15
cGCTAACAAGTg,tACCGCATCCTa,3_6_15
cCTGTCTGAGTg,tACAGACTCACa,3_7_15
cGTGTCTGCTTg,tATGAGCTCTAa,3_8_15
cCTTGGACATTg,tCCGCACAATAa,3_9_15
cGTAACGAACAg,tCGAGACATTGa,3_10_15
cGGATACTCTCg,tCCGTATCTAAa,3_11_15
cGTCGATCGAGg,tGGTATACCTAa,3_12_15
cTTAGATTGCCg,tTGGAGGTAATa,3_13_15
cTCAGACATACg,tGCCACCAATAa,3_14_15
cTTAACCACACg,tTGTCCGACGTa,3_15_15
cTTCCACGACCg,tGGTACAAGTTa,3_16_15
cTTCAACCGTGg,tGAGGTAACGGa,3_1_16
cGTGATAGACGg,tGTCCTTAGCGa,3_2_16
cCCGAATTGAAg,tAACGTTGTCTa,3_3_16
cGTTACTCCTTg,tAGTAACCGCTa,3_4_16
cGGCACAACTAg,tGGAGTTAGTTa,3_5_16
cTCGACACGAAg,tGTCGATACCTa,3_6_16
cTTAGCCTCCTg,tGCTTGTACTAa,3_7_16
cTACCACCTTCg,tAAGGTTCGCTa,3_8_16
cCAAGTCGCCAg,tAGTGGCCTCAa,3_9_16
cTTCCTGGCTGg,tCTAGCCAACAa,3_10_16
cCCGATGTAACg,tAGGACTCGCTa,3_11_16
cCGATCGGTATg,tAGTCTACGGCa,3_12_16
cTTAACGTGTCg,tTGGCCATATAa,3_13_16
cGTAGCCAGAAg,tGCCACGAGATa,3_14_16
cGTTAGGAAGGg,tGCCTACAGGAa,3_15_16
cCCGACAACGAg,tATCCGACGAAa,3_16_16
cTCCAACAGCGg,tCGGTATGGAGa,3_1_17
cTTGTTCGACGg,tTAGTAAGCCAa,3_2_17
cTATTGGTGTCg,tCCGGTGTGATa,3_3_17
cGATGTCGGAAg,tACTGGCATGCa,3_4_17
cTACGCCATCCg,tGGATGAAGTTa,3_5_17
cATACCTTGCCg,tAGCTCAACGTa,3_6_17
cGTATCGTGACg,tGCGATAACCGa,3_7_17
cGACATCACTGg,tCATGGCATTAa,3_8_17
cCGATAAGTGTg,tCACGTTCAACa,3_9_17
cGTAGGTCATAg,tCGTGAGGTTCa,3_10_17
cGACCAGTTAAg,tCGAGCATCATa,3_11_17
cTTCGACCATCg,tTCTAACCGTCa,3_12_17
cCTGTGAGTGTg,tATTAGCGGTTa,3_13_17
cGTGGATATACg,tGCCACGTACAa,3_14_17
cGATCCTACGAg,tAGGCTGCCAAa,3_15_17
cCACTTCCACCg,tAGCTGGACTAa,3_16_17
cTCTTGTCAGCg,tGGTAAGTGAAa,3_1_18
cTTGGACAACGg,tTGAACGTTGGa,3_2_18
cCAAGCGGTGTg,tACGAGGAGTCa,3_3_18
cTGCCTTCTCCg,tTGATTGAGCGa,3_4_18
cGGTCGGTAATg,tCGTACTCGACa,3_5_18
cGTGACGACTAg,tCGAACGTCGAa,3_6_18
cTAGGTACACAg,tTAAGATCGCTa,3_7_18
cTGAATCTGACg,tTCCTGGATCGa,3_8_18
cTCCGCAATTCg,tCATTCCATGGa,3_9_18
cTTGCCTGTCTg,tTGGCAACAACa,3_10_18
cTACACGGAGCg,tCGCAAGAGCTa,3_11_18
cCGTTCTGTGTg,tAAGGTCACACa,3_12_18
cCACCATGCGTg,tATCAGTGAACa,3_13_18
cTTGTCTCACAg,tGCCACTCTCAa,3_14_18
cTCTAGACACAg,tGAGTGGTTAAa,3_15_18
cCACCACAATGg,tAACTGCCAAGa,3_16_18
cTATCGTCATCg,tGGACTTAACGa,3_1_19
cTGCTGTGAGTg,tGGCTCATAGCa,3_2_19
cTGTCGAACAGg,tTGGCCTGTTGa,3_3_19
cTATCAAGACGg,tGGCATGATTAa,3_4_19
cGGTCTATGACg,tCTCAGACAGAa,3_5_19
cTAGGCGTACAg,tGTACCTTAGAa,3_6_19
cGAGCTTCGTTg,tCGACCTCTGAa,3_7_19
cGAGACTACTCg,tACATCGCACTa,3_8_19
cCTAAGAGACCg,tACGTGTCGTTa,3_9_19
cTAGACTCAGCg,tGCTGAGCAGAa,3_10_19
cTGTATCGACCg,tTCGAGGCTATa,3_11_19
cAAGCGAACCAg,tAACTACGGTAa,3_12_19
cCGTACCTGGTg,tAAGTACTCTCa,3_13_19
cGGCAGTGGTAg,tGCCAGTAACCa,3_14_19
cCGTCTGATCAg,tAGTCCACCGTa,3_15_19
cTTACGTTAGCg,tTGCGCCTGAAa,3_16_19
cTTAGGATCCAg,tTGTTAGTACGa,3_1_20
cGAGTTCGGTAg,tCGTACGCAGAa,3_2_20
cCTATTCCTACg,tCGTCCTGAAGa,3_3_20
cCAACATGTCCg,tAGCCTCAGTTa,3_4_20
cTGTCGACCGAg,tTGCGTTCACGa,3_5_20
cCGGATTGAACg,tACGTCGATATa,3_6_20
cCTACTTCGGCg,tACGAGTGATGa,3_7_20
cTACAGCGCACg,tGTTGTTCAGAa,3_8_20
cGCTAAGTTGTg,tCGAACTTATCa,3_9_20
cGCATGTAGATg,tGATTCGCAAGa,3_10_20
cTGACTCGAGTg,tGTCGAAGACCa,3_11_20
cATGCTAAGCCg,tACAATAAGGCa,3_12_20
cTAAGTGCATGg,tAAGAGCTATCa,3_13_20
cGCGAACTGTCg,tGCCAGTAGGTa,3_14_20
cGCATTCAACCg,tATCGCTAACAa,3_15_20
cTAGGATGGAAg,tCTGAAGGTGTa,3_16_20
cTGTGGTTCTGg,tTACCGTAGGAa,3_1_21
cTACGCGTCGTg,tGCAAGCAAGCa,3_2_21
cTGTCGATGATg,tGTACGTCCATa,3_3_21
cGGTCATCTTCg,tGGCAATAACTa,3_4_21
cAGTATTCGCCg,tAATGAGGCCGa,3_5_21
cCTAACGGCACg,tCGACCGTAAGa,3_6_21
cGTCCAGATTCg,tGCTGAAGATGa,3_7_21
cCTTCCGGTGTg,tATCGAGCCACa,3_8_21
cCTGACCAACCg,tCACGCCTTATa,3_9_21
cGTGAAGGACTg,tACCTTCTCCGa,3_10_21
cGGTGTGGTAAg,tCACGATAGTCa,3_11_21
cGAAGCCACTGg,tAGCTATATCCa,3_12_21
cGCTACACCGTg,tGATGTAGCTTa,3_13_21
cGTCTAAGGTCg,tGCCAGTGAAGa,3_14_21
cGTAACTACTGg,tCATGAGACGAa,3_15_21
cTAGGAACTCCg,tAAGACACTGTa,3_16_21
cTGCGTGGTCAg,tCAACTCGTGCa,3_1_22
cTTCCAGATCGg,tCATGGAAGGAa,3_2_22
cCATCGCGTTCg,tAATTGCGGATa,3_3_22
cTAGACATCGAg,tTAATGATGCGa,3_4_22
cTGCGTCTCTCg,tGACGAACGTTa,3_5_22
cCATAGGCTACg,tATGGCCTGTCa,3_6_22
cGTCTGGAAGAg,tGCTGAATGCTa,3_7_22
cGTACTACAGTg,tATCCGTTGTCa,3_8_22
cTGTTACGATGg,tCAATATCGACa,3_9_22
cTGGAGTTCAAg,tCTATCTCAGCa,3_10_22
cAGGTTACGGTg,tAGATAACTCGa,3_11_22
cGAAGCATCACg,tCCATCGCTAAa,3_12_22
cTTATCGGCTCg,tTCTACGACGAa,3_13_22
cTGTTGCGAATg,tGCCATACCTGa,3_14_22
cCTGGCTGAACg,tCTAAGAGCTAa,3_15_22
cGACCTTGCACg,tCGAAGCGCAAa,3_16_22
cGGATTCGCTTg,tCGGAGTAAGAa,3_1_23
cCACTATCCGAg,tATAGTGCGTCa,3_2_23
cATCCGCCTATg,tACACACGTGGa,3_3_23
cGCTTCGCCTAg,tCTGTACGTAGa,3_4_23
cGCGTGAAGGAg,tGACGAATAAGa,3_5_23
cTGAGCGCTTAg,tGGTTGTTACTa,3_6_23
cTAGCGGAGAGg,tGGTATGGCTGa,3_7_23
cCCAAGGCTCTg,tACGTCGTCCTa,3_8_23
cGAGAGTCTGAg,tGAGACGATCAa,3_9_23
cGTCAGCTAATg,tACCAGATGTCa,3_10_23
cCACGGACTTCg,tAACTCACGGCa,3_11_23
cGACCATGATAg,tCTGGAGATTCa,3_12_23
cTCAGCTACACg,tGAACTGATCCa,3_13_23
cTAATGACAGGg,tGCCATAGAGGa,3_14_23
cCCATTAATCCg,tCAGTAGGCGAa,3_15_23
cCAGACCTATAg,tAGAGATGTTCa,3_16_23
cTTCGCGTTAAg,tGGTCCTATATa,3_1_24
cGACAGTAAGAg,tAGCAGATCTTa,3_2_24
cGAATGCGGAGg,tCCAGCTGTATa,3_3_24
cCAGATGGAGGg,tAAGGACCGTCa,3_4_24
cTCACACGATCg,tGACGAGCCAAa,3_5_24
cGACACGACGAg,tCTTGTCCGCTa,3_6_24
cCCACCTACAGg,tCAATGGCGAGa,3_7_24
cTCCGGAGCATg,tGTCGATTAGAa,3_8_24
cAGCAGACCGAg,tACCGTTGCTAa,3_9_24
cCAACGACATAg,tAATTGGATCCa,3_10_24
cTTCATCGATCg,tCCAGCCAGTTa,3_11_24
cGCATACCTCAg,tGAGTGTACTGa,3_12_24
cTATGCATGTCg,tGCAACCTGAGa,3_13_24
cTTCGCCTCGAg,tGCCATCCGAAa,3_14_24
cAGCTTGAGCTg,tAGCTTCCTCCa,3_15_24
cTTAGGAACGTg,tTTAAGGTCGGa,3_16_24
cCAGTAATCCGg,tAAGCTAGCAAa,4_1_1
cTAGGATCCTCg,tAGATTAGGAGa,4_2_1
cGCGTGCCTTAg,tCACCAAGATCa,4_3_1
cCTATGCACACg,tCGTCAACGGAa,4_4_1
cCGTGCAGTATg,tAGTAAGAACCa,4_5_1
cAACCTAGACCg,tAACCGAGGTTa,4_6_1
cTAGTCCAGGCg,tGCCAGACGTTa,4_7_1
cGACTAGGCACg,tACATCTGACCa,4_8_1
cATAGTGAGGTg,tACTCGATACCa,4_9_1
cGGTTACCAACg,tGCTAGTGGTTa,4_10_1
cTCACTGACAGg,tAACATCCTAGa,4_11_1
cCTTCTCTTGCg,tAGTTCTCAGCa,4_12_1
cTGTCTTCAGAg,tCGTTAGGACAa,4_13_1
cACACTCTTGCg,tAACAACACACa,4_14_1
cTCTCAGGCTCg,tGCCTAACGGTa,4_15_1
cCTGCATACTCg,tACAGCCTCTGa,4_16_1
cGTTAAGTAGCg,tGGCAGACATCa,4_1_2
cTAGTACCACCg,tATCAGAGGAGa,4_2_2
cCGAGCGAATAg,tCGAGCAGTTCa,4_3_2
cCTACCAAGGAg,tCACACACCGTa,4_4_2
cTGAGAGCGAAg,tAGTCGAAGTTa,4_5_2
cCGCAAGAATAg,tCCATGGTACCa,4_6_2
cTCCACAGCTTg,tCATGGCAACCa,4_7_2
cCGGTTGCCTTg,tAGTTACGACCa,4_8_2
cCATGAATAGGg,tAGTCCGTACCa,4_9_2
cTCTAACTTGCg,tAGACAATACCa,4_10_2
cCTCACCGACTg,tCACATGCTGCa,4_11_2
cGTCTCAATCAg,tACATTGAGACa,4_12_2
cTGCTAACACCg,tGATGAGGACAa,4_13_2
cCTCTCACACTg,tACCGTAACACa,4_14_2
cCGCAATGCATg,tAGCTTACCACa,4_15_2
cCACTCCAACTg,tACCTGAGCAGa,4_16_2
cTTCTCTCGTAg,tTCTCGACATGa,4_1_3
cGTTCAAGAGGg,tCCGATAGGAGa,4_2_3
cTCTAGACTGGg,tCATAGACTCGa,4_3_3
cTACTTACCGAg,tTACACTGCAAa,4_4_3
cCATATCCTCCg,tAGGTGTAGCTa,4_5_3
cTACGATCACCg,tATAACGGCGGa,4_6_3
cTTATGCAAGGg,tACCAGGTTCCa,4_7_3
cCGATGCTAGTg,tAGGATCAGTCa,4_8_3
cGAGTTAAGCTg,tAGTGCATATCa,4_9_3
cGAGTTACAGGg,tATCGACGGACa,4_10_3
cGCTACTAACTg,tAGGCACTCTGa,4_11_3
cCGTGATGAGGg,tATAACGAGACa,4_12_3
cGCTTAACTAGg,tGCGATGGACAa,4_13_3
cCTCAGAATGCg,tATAATCCACCa,4_14_3
cGTACAATAGCg,tGCTGAGTTACa,4_15_3
cCCTCGTCAGAg,tACCTATAGCTa,4_16_3
cTTAGTCAGCTg,tGCAGTGATGAa,4_1_4
cTAAGTCAGAGg,tCTAGAAGGAGa,4_2_4
cTCGCCAACGTg,tCGTCAGAGACa,4_3_4
cAAGCGAGGAGg,tAACAGACGACa,4_4_4
cCTGGTGAAGGg,tAGCTTAAGGCa,4_5_4
cCCACAAGTATg,tCATTAGCCAGa,4_6_4
cCAACAGGCTTg,tAGCCTGAGACa,4_7_4
cGCGGAGATCTg,tGCCTGTACACa,4_8_4
cTGTCGTCGACg,tAATCTCACTCa,4_9_4
cCCTAGCAATAg,tACGGTCTGACa,4_10_4
cCGAAGATTGCg,tAACTCCTCACa,4_11_4
cCTCACGATCCg,tAACGTCCGACa,4_12_4
cGGTAACAGCGg,tGAAGAGCAACa,4_13_4
cCTCAACTAGCg,tCCTAACCACCa,4_14_4
cGTACCGTACGg,tGCCATCGTATa,4_15_4
cTGGTACATACg,tTGGCATGCTTa,4_16_4
cCCGACTGTTCg,tAGAGGAGCTAa,4_1_5
cCCAAGTGATAg,tATAGATCTGCa,4_2_5
cTGATTGGCATg,tAGTGAAGCTGa,4_3_5
cTGAAGCAAGAg,tGCTATCCTAGa,4_4_5
cGCCTAGTGTCg,tGAAGGTACAGa,4_5_5
cGATCCTGACCg,tCTCTAATGGCa,4_6_5
cTTGCGAGGATg,tACAGCCAGAGa,4_7_5
cGCAATGCGGTg,tCATCCTCGTGa,4_8_5
cGGATAAGATCg,tCATGAAGTACa,4_9_5
cTTCAGTCCTAg,tTGCGCTGCTAa,4_10_5
cCCTATGGCAGg,tAAGGTGAATCa,4_11_5
cATCCTGCGGTg,tAGAGAATCTCa,4_12_5
cGACGGTGAGTg,tATCCACAGTCa,4_13_5
cCAGGTCATGGg,tAACCGGTCTCa,4_14_5
cCCGTGCTAATg,tATTGCATGCTa,4_15_5
cATCTGATGCCg,tACCGAAGACAa,4_16_5
cTATACAGCTCg,tCTGGAGGCTAa,4_1_6
cCTCTCCGAACg,tCCACGGATACa,4_2_6
cTATCCAGTTGg,tGCAACTGCCAa,4_3_6
cATGACTTCCAg,tATATCCAGTCa,4_4_6
cGACTAAGCTGg,tCTAGAGGTCGa,4_5_6
cAGCTAACGAGg,tACGATGAGCTa,4_6_6
cTGCAATGCTGg,tAGCATGTACCa,4_7_6
cGCACACGAAGg,tAACCAGCCTAa,4_8_6
cCACGAATGATg,tAATCAGCTTCa,4_9_6
cTACCAATCTGg,tGTGAGGTCGAa,4_10_6
cCCTTAAGGTCg,tAACCAGTCCGa,4_11_6
cGCAACGTCTCg,tATGAGTCAGCa,4_12_6
cAGGTACAGGAg,tACTGCGAGCTa,4_13_6
cGCAGGATCTCg,tAAGAGAGAACa,4_14_6
cAGAGTAGCACg,tAAGTGGCGACa,4_15_6
cTCACTTCAGCg,tAGCAACGAACa,4_16_6
cCAGTTGCGTCg,tAGGAGATTAGa,4_1_7
cTGTCAAGCCTg,tTCGAGAACAGa,4_2_7
cTCACCATACTg,tGGACGTCATGa,4_3_7
cGTCTCTGAATg,tCATTGTGACAa,4_4_7
cCCTATACCATg,tAGCACGTATAa,4_5_7
cCTTGTCCATAg,tAAGACCGAGCa,4_6_7
cCTGACGCATAg,tCTAGACAAGCa,4_7_7
cACGCTGAACCg,tAAGCATTAGCa,4_8_7
cCTAGCTGACGg,tCGCCATTAGCa,4_9_7
cACACAGGCAAg,tAAGAGGCTGCa,4_10_7
cGGCAAGTTACg,tGAGGACACAGa,4_11_7
cGCAGGAGGATg,tGAATGTCAGCa,4_12_7
cAGACTAGAGCg,tACTTGGTCGGa,4_13_7
cGCAGAAGAGCg,tAATCCAACACa,4_14_7
cTGATCCGTCCg,tGGACTAGTATa,4_15_7
cGTGTCCTAGCg,tAGTGGCTTACa,4_16_7
cTTAGGACATGg,tGCTGTGAATTa,4_1_8
cGCACACTTCCg,tCCAGACTACAa,4_2_8
cCATACGGTGAg,tAACGAGAACCa,4_3_8
cGTAGCTTGAGg,tGGATCTAACCa,4_4_8
cAGCCTAACAAg,tAAGGCTCGGAa,4_5_8
cTGGAGTCTTAg,tTGCACTGTATa,4_6_8
cCTACGTTGAGg,tAGAGATGACAa,4_7_8
cTGTCTAGCACg,tCAGACCAGTCa,4_8_8
cGACATAGCTAg,tAGCAAGCTATa,4_9_8
cATTCAGGCAGg,tAGCAAGATGCa,4_10_8
cGAATGCAACTg,tAGAAGACTCCa,4_11_8
cGCAATCGAGAg,tGAGTACAAGCa,4_12_8
cGATGCAAGAGg,tAAGGTCGTGCa,4_13_8
cGCAACTCTATg,tACCAAGAGACa,4_14_8
cACTGAGAAGCg,tACCTACTGGCa,4_15_8
cGAGAGGAAGCg,tATTCTTCCACa,4_16_8
cTACAAGGTCGg,tCATTCGTTACa,4_1_9
cTCAAGGTTGCg,tCGAACCTACAa,4_2_9
cGTCGGTTACCg,tCTGATTGTGGa,4_3_9
cGCTACGTAGGg,tAGGATCACGGa,4_4_9
cCACTCGCTATg,tACAACGCCAGa,4_5_9
cCCAACACGATg,tAGCACATCAAa,4_6_9
cCGACTTATGTg,tATGGTTAGTCa,4_7_9
cGTCGTTCTACg,tAGGACGCAATa,4_8_9
cAGGCATCCTAg,tAACCACCGTGa,4_9_9
cCTTCGTGACTg,tACACGAGTACa,4_10_9
cGCATAACATGg,tATCCGAGATCa,4_11_9
cGCACATAGAAg,tGAGTCTGAGCa,4_12_9
cAGTGCAACTTg,tAAGCTAGGTCa,4_13_9
cGCAACGATAAg,tAGACATGGACa,4_14_9
cGTGCTGATACg,tGATCGCAGTCa,4_15_9
cGAAGACTAGCg,tCAGGTTATACa,4_16_9
cCCATGCAATTg,tCCACAGCTCAa,4_1_10
cTCAGACTATGg,tCGACAGTACAa,4_2_10
cTTGTCCACTGg,tTTGAAGCTGAa,4_3_10
cTACGCAATGTg,tGTAATAGAGCa,4_4_10
cACCGACTAATg,tAAGCGCCTGAa,4_5_10
cACTAGTCAAGg,tACTAGGCTCGa,4_6_10
cAGTCAGGTGTg,tAGTACTGAACa,4_7_10
cCCTAACATCTg,tCCGGAGAACAa,4_8_10
cCGACAGAATGg,tCAGGAGAGAAa,4_9_10
cGCAATCATACg,tCACAACGACCa,4_10_10
cGAATGTTGGTg,tCTTAAGCCGGa,4_11_10
cCTTAGTGCTGg,tAGTATGGAGCa,4_12_10
cTGCACACATGg,tGTTACTGACAa,4_13_10
cGCACATCTTAg,tAGTCAACCACa,4_14_10
cGAATCCAGACg,tACCGCCTTAAa,4_15_10
cGCTTATGAGCg,tGAGATACCACa,4_16_10
cGTCAGTACAGg,tGCACTCAATTa,4_1_11
cTACATGCCTTg,tGAGAGTTACAa,4_2_11
cTGCGACCTTGg,tTGCACTCGAAa,4_3_11
cGCTTCTCCAGg,tATAGGACCACa,4_4_11
cATCTACCTACg,tACGCCAACAGa,4_5_11
cTGAAGGAGAGg,tGCGCAGTGATa,4_6_11
cGCTGCGATCAg,tCTCAGAGTCAa,4_7_11
cCAGTGAGCAAg,tAGCGGTTACAa,4_8_11
cTAGCTTCACCg,tCTAAGCCATCa,4_9_11
cGCAGAGACTGg,tCATCAATACCa,4_10_11
cGCAATGTTCCg,tGAACAGTATCa,4_11_11
cGACATTCTTCg,tGAACGCCAATa,4_12_11
cACTCTGGCACg,tACGCATTCTCa,4_13_11
cGCAACCACATg,tCAAGATTCACa,4_14_11
cCACTGTTAGCg,tCACTCTAGGCa,4_15_11
cGCTGAACCACg,tAACCTTCCTCa,4_16_11
cTCTAAGACCTg,tAGCTAAGACTa,4_1_12
cCTGGTGTTAGg,tATGCGTGGACa,4_2_12
cGCATCTTAGCg,tCAGAGGCTCAa,4_3_12
cTATATGCGGCg,tGCCTATATAGa,4_4_12
cCCTCACTTATg,tACGCCACGTAa,4_5_12
cGCTATGACTCg,tCGGATATACGa,4_6_12
cCCACCGAACAg,tAACAAGACTGa,4_7_12
cCCTGCCTACTg,tAGCTTCTACAa,4_8_12
cATACCATCGAg,tAACAAGCTCCa,4_9_12
cGCAACTAATCg,tCGAGAATTCCa,4_10_12
cAGCTAGGCAGg,tAAGAGCGGCTa,4_11_12
cTGATGGTTACg,tTAACGCCACGa,4_12_12
cTATGTCCAAGg,tGCTGCCATAGa,4_13_12
cGCATTGACATg,tCACAGCTTACa,4_14_12
cTTATAGAGGCg,tCCTAATTCACa,4_15_12
cGCTGATTGGCg,tCAATGTCCTCa,4_16_12
cGATGCCTAATg,tAGTCAGACTGa,4_1_13
cTGATAGCCACg,tAGATGCCTAGa,4_2_13
cAGCGGTGTATg,tACTACGGATCa,4_3_13
cCTCCAACCTTg,tAACGCGGACAa,4_4_13
cTAGCGAGCGTg,tCAAGGACGACa,4_5_13
cGCACTAGTCAg,tGACAAGGTTCa,4_6_13
cTTAAGGCCACg,tGTTATGCTCCa,4_7_13
cGTAACGCATCg,tAAGGCGACTGa,4_8_13
cCACGAGATTAg,tAAGCCGGAACa,4_9_13
cGCACGATTAGg,tCGAGGTTACCa,4_10_13
cTTCCATTGGCg,tTAGTGAGACCa,4_11_13
cTTGGCGAATCg,tTTGAGACGTCa,4_12_13
cTCTCATGCAAg,tGCTGTTATCCa,4_13_13
cGCATATGTACg,tCACCTCTCACa,4_14_13
cATAGAGCGATg,tACCAGTGGATa,4_15_13
cTGGTTCATCAg,tGCAGAGTACCa,4_16_13
cACTACGATAGg,tACATGCTTGTa,4_1_14
cTAGGACGAACg,tGTGACACACTa,4_2_14
cTCAATTGGCGg,tGATAACGCCAa,4_3_14
cCACACAGATAg,tACGGAATAACa,4_4_14
cGCATACAGCGg,tATGCTCACAGa,4_5_14
cGTCGGCCATTg,tGATCACATGAa,4_6_14
cTGGCTCAACCg,tTACGTGCTCGa,4_7_14
cCATGTACTCAg,tACGTCTACGTa,4_8_14
cTACCACAAGCg,tGATGTCGTTGa,4_9_14
cGCAATGGCACg,tCTTAGGTACCa,4_10_14
cGGAGAGCACAg,tATACCGAGCTa,4_11_14
cATGACGAGTTg,tATCTCAAGTGa,4_12_14
cGATTGCTTGAg,tCGCGCCAATTa,4_13_14
cGCATGTCTAAg,tCATAGAGGACa,4_14_14
cCTCACTCCGAg,tCCGCATATAGa,4_15_14
cTTGTCTGCAGg,tGAGAGAGACTa,4_16_14
cAGGACAATGCg,tAGATGGAACAa,4_1_15
cTAAGAGTTCCg,tCGCCTCTATAa,4_2_15
cGATCGGTGAAg,tGACTGAAGTCa,4_3_15
cAGAGCTGATTg,tAGAGAACGGCa,4_4_15
cCACGCTCATAg,tAATTGACTGCa,4_5_15
cTTCGACAGATg,tGTCAAGCTCGa,4_6_15
cTCGTAGTACCg,tTCGATAGACTa,4_7_15
cGTATCAGAACg,tGCCTACTTGTa,4_8_15
cTCACAGGACTg,tCGTGCTACAGa,4_9_15
cGCACGAACAAg,tGATATAGACCa,4_10_15
cCCAACACTCCg,tAATACCGACAa,4_11_15
cGACTTAGCATg,tACACTATCACa,4_12_15
cCCATCATTAGg,tACCAGGTGAGa,4_13_15
cGCAGGATACAg,tCCTCGAGAACa,4_14_15
cTCACTACTCTg,tTCAACAAGTCa,4_15_15
cCGTGTTGCACg,tACTTGTCCACa,4_16_15
cACATCTCTCAg,tAATGTAGACGa,4_1_16
cTCATAGGATGg,tTACTTCACAGa,4_2_16
cGAGGTGAGACg,tAGGAGTCTCGa,4_3_16
cGAGAGCATAGg,tCAACGAGTCAa,4_4_16
cCAATAGCTCCg,tAGTGAACACCa,4_5_16
cCGACTAGCAGg,tCCTTCGAAGAa,4_6_16
cCGTGATAGCTg,tCATAATCAGCa,4_7_16
cGAACAAGCATg,tCAGGAAGACCa,4_8_16
cTCGTTGCCTGg,tCAGTCACTCGa,4_9_16
cGCATACGCAAg,tGCAGAACTCCa,4_10_16
cTCACGAAGACg,tCAACACGACAa,4_11_16
cTCTACACAGCg,tGTCATGAATCa,4_12_16
cCTGTTATTGCg,tCAGGCACTACa,4_13_16
cGCATCGACCAg,tCGTTATACACa,4_14_16
cTTCACATACCg,tTTACTGAGTCa,4_15_16
cTGGACTGATTg,tGGTTCCGCATa,4_16_16
cCGGACATTACg,tCCTCGCCTTAa,4_1_17
cTTGATCAGCGg,tTTCCACACAGa,4_2_17
cCACTGACTGGg,tCACAGTACTGa,4_3_17
cTCTGTGTGCCg,tACGGCTTATCa,4_4_17
cCTTCACTGTTg,tAGTGAGGAACa,4_5_17
cCACGTTGCTTg,tCAAGCGTACCa,4_6_17
cCCAGTCAATGg,tATCTATGGAGa,4_7_17
cTCAAGAGCACg,tCTATACGACCa,4_8_17
cTGACTTAGAGg,tTACCGACTCGa,4_9_17
cAGCCAATTGCg,tACTCGCCTAGa,4_10_17
cGTGTCTTCGGg,tCTAGTAAGACa,4_11_17
cCTCTCCAATAg,tCGACCTAGACa,4_12_17
cTCCGTCAAGCg,tGCGCTAATTGa,4_13_17
cGCACCTATCTg,tCTTGTACAACa,4_14_17
cGCAACACAGGg,tCTAGCCTCAGa,4_15_17
cACTACATTGCg,tAACGCCAGTCa,4_16_17
cCCTAGTGACCg,tCAGACTCGTTa,4_1_18
cTATCTAAGGCg,tGGACGGCTATa,4_2_18
cATGCAAGGTTg,tACCTGTAGTCa,4_3_18
cCAACAAGCGAg,tAGCCAAGTTAa,4_4_18
cATCGCCACATg,tACTGCTTACAa,4_5_18
cGTACGAGGACg,tCCTTCAGGCTa,4_6_18
cGTCCTTACATg,tGATAATGGAGa,4_7_18
cGAGATTAGGCg,tAACTCTACAGa,4_8_18
cAGTCTATCCTg,tAGCTTAACCGa,4_9_18
cGTTACCTACTg,tAATTCGCCTGa,4_10_18
cCTCAGATTAGg,tCCGGATTAGCa,4_11_18
cCTCCACTCTAg,tCAGTCCTCATa,4_12_18
cTTCTTCTAGCg,tAGTGCAAGGCa,4_13_18
cTCCTGACTGCg,tGCAGCTTCAAa,4_14_18
cTATAGACCTGg,tCACAGAGCAGa,4_15_18
cCAGTCATAGCg,tACTTAGACACa,4_16_18
cTTCGTTATCCg,tGTATCGCTTGa,4_1_19
cGGATTACGTGg,tGGAATTGTCCa,4_2_19
cGAGATAGTGAg,tACTCGTCGAAa,4_3_19
cGAGTTAGTAGg,tAGCTCCTTCGa,4_4_19
cCAACTCAGAAg,tATGCACATGGa,4_5_19
cATGGACATCTg,tACGCCTGGTTa,4_6_19
cCTCTCAGTGAg,tCATGACGAGCa,4_7_19
cGTATTGAAGCg,tAGGCATACAGa,4_8_19
cATCCATCACCg,tAGGTCAGAACa,4_9_19
cGCGGATGGTTg,tCATTAGAACCa,4_10_19
cCTCAACGGTCg,tCTACGTTCTCa,4_11_19
cGGACATAAGCg,tCCTTAACAGCa,4_12_19
cTGATACGAGCg,tTAAGCACGGCa,4_13_19
cCGTATAAGCCg,tACTACTCACCa,4_14_19
cTGCTTGAATGg,tTGAAGAGCTTa,4_15_19
cGAGCCTGCAAg,tCGAACGACAGa,4_16_19
cGCAGTTACTCg,tGAATGGACTTa,4_1_20
cCATAAGCGGTg,tCAGAGCTTCGa,4_2_20
cTCGAGTTAACg,tCGATTCCTCGa,4_3_20
cGATAGCAATGg,tCCATGAACAGa,4_4_20
cGCGGTATAGCg,tGAACACTCGGa,4_5_20
cGCAAGTCCTAg,tATATCGGTCGa,4_6_20
cCTCTAGTCCTg,tCCGTAGCAACa,4_7_20
cGGAACTATACg,tCCTAGTACAGa,4_8_20
cCATCTTCGGTg,tAGAATGCTGCa,4_9_20
cATCGGTGCTTg,tAAGATACACCa,4_10_20
cGGAACCTAGCg,tCCTTCTTACCa,4_11_20
cGGACGACGAAg,tACTACTAGACa,4_12_20
cCCGAATACCTg,tACTCCAGACAa,4_13_20
cGCAGGACAACg,tCGATATCACCa,4_14_20
cCTAGAACACCg,tAGGTATAAGCa,4_15_20
cTTGTACGCATg,tGATCCGACAGa,4_16_20
cTTGGCGTTGGg,tTATACAACCGa,4_1_21
cTTACTCTACCg,tTCAAGCTTAGa,4_2_21
cAGTCACAACAg,tACACCACCATa,4_3_21
cTCATAACGGCg,tGATGGTGCTAa,4_4_21
cTTGAAGTGGCg,tTACTACTCGGa,4_5_21
cGGAAGTCGATg,tCATCACGCTAa,4_6_21
cCTCCGATTGAg,tCAAGAATGGCa,4_7_21
cATGCACACTAg,tACAGTGCCACa,4_8_21
cCAATTAGCACg,tACCGGACATCa,4_9_21
cCTCCAAGCAAg,tACCTTACACCa,4_10_21
cTATACCTAGCg,tGGCACAATCCa,4_11_21
cATAGCGCATTg,tAGGAACTGACa,4_12_21
cCGACTGACAAg,tCAGTCAGACAa,4_13_21
cCATACTCCTAg,tACGAGCTACAa,4_14_21
cTGTCTGTAACg,tGCCACAGCAAa,4_15_21
cAAGCTGGTATg,tAACTGCTACCa,4_16_21
cCTAACACCTTg,tCGGTTGGTGTa,4_1_22
cCATGTGCCTAg,tATAGCAGTCAa,4_2_22
cGTCAAGCATTg,tCGAGACAGATa,4_3_22
cTCGACATTCCg,tGAATTGCGGCa,4_4_22
cCCGATGATGAg,tACGGATATGCa,4_5_22
cTAGGACTTGGg,tGAAGTCTTCGa,4_6_22
cCAAGAGGCAAg,tATGATGGACCa,4_7_22
cGAATACTCCTg,tATAGCGGCAAa,4_8_22
cATTACAGCGTg,tACGCGGTAACa,4_9_22
cATCGAAGCTAg,tACGCTGCTTCa,4_10_22
cGTTGAACAGCg,tGTTAGCCACCa,4_11_22
cCGTCCTTGTTg,tAAGCACGATCa,4_12_22
cTGTGATATGCg,tTAACCAGACAa,4_13_22
cTTGGTTGCGGg,tTCGTTACGTCa,4_14_22
cGAGCATTACTg,tGACTAGTACCa,4_15_22
cCACTGGTACTg,tCACAGATGCCa,4_16_22
cTCACCATTGCg,tCACGGACACAa,4_1_23
cTTGTGATCGGg,tAATCGGTTACa,4_2_23
cGACAACGGACg,tATTGACACAGa,4_3_23
cACCAGAGATAg,tAAGAAGCCACa,4_4_23
cGGTCCTACTCg,tGGACAGGTTGa,4_5_23
cGCAGACATGTg,tAGAGTGGCTGa,4_6_23
cCTCTGGATACg,tACTCGTACTTa,4_7_23
cACTAGAGCAAg,tACAACCTACCa,4_8_23
cAGGATGCATAg,tACCGTTAATCa,4_9_23
cGAGTTGTCATg,tAACGAATCACa,4_10_23
cGCAACATTGAg,tCACTGCATCCa,4_11_23
cTGAAGACCAAg,tTATGGCACGTa,4_12_23
cTACAGCATGCg,tCACAGCAATCa,4_13_23
cCATAGCGTATg,tACACAACGGTa,4_14_23
cTCACATGGCCg,tGCAATACACCa,4_15_23
cCCTAGGAAGCg,tACACACAGACa,4_16_23
cCATACAATGCg,tACACAAGGAGa,4_1_24
cGAGGACTGATg,tAGAACCTCACa,4_2_24
cATGCATGACAg,tAGGATGATCCa,4_3_24
cTGTTGCAACGg,tGAGAGACTTCa,4_4_24
cCCGTTACTCTg,tCAGAAGCAGAa,4_5_24
cCTCCTGTCTTg,tCAGGAGCATCa,4_6_24
cGAGCTGCTGTg,tCGAACAGCGTa,4_7_24
cACGGAAGCTCg,tACGAATTACCa,4_8_24
cCGCTGTATCGg,tCCACTGAAGCa,4_9_24
cTCGTCCTCCAg,tTAGATCGCAAa,4_10_24
cCTATCAGCAAg,tAGGACTTAGCa,4_11_24
cGAGTCAAGAAg,tACATAGGACAa,4_12_24
cTATCGCTTCCg,tAAGTCAGCTAa,4_13_24
cCGGAGACAAGg,tACCTTCCGGTa,4_14_24
cTTGCTACATCg,tTGAGCATACCa,4_15_24
cGAGACCAAGTg,tAGCGAATCCGa,4_16_24