sequence,target
nTATCTTCAACCTAGGACTTTTCTATTa,S2
nCGCAGAGCCTTCAGGTCAGAACCCGCt,RPP30
nATAGAACAACCTAGGACTTTTCTATTa,S2_spike
nTGGACTACCTAGGACTGCGCGACTAAa,S2_spike_005
nCACCTCGTAGGACTTCTGAAATAGCCa,S2_spike_006
nGCTTGGTGGATCTCAGAACGCGGCGGa,S2_spike_007
nGTGTATCTCACGAAGCGACCCTTTGGa,S2_spike_001
nCCTCGCTAGGACGTCGCTATGACGCCa,S2_spike_002
nAGCACGACTTGATCTAACTGACACTAa,S2_spike_003
nTAAGTAGGACTTCGATTGGATGGAATa,S2_spike_004
nTGGTTTCGTAATGCGGGGTGCATTTCg,N1_spike
nTGTAAGGACGATTACGGGTGCATTTCg,N1_DNA
nACCAAACGTAATGCGGGGTGCATTTCg,N1
nGGACGGATATCGCACTAAGTGTACCTg,N1_spike_001
nCATGACCATGTCACTGGCTACACTGAg,N1_spike_002
nTTGACATGGCATGTGACTCCACTGTCg,N1_spike_003
nACCTTTGCCAGATGACTGAGTGGAAGg,N1_spike_004
nAGCTTGAAGCGTTCGCGACAAGTGTCg,N1_spike_005
nTCACGTCCTGAGATCAACTGCTACATg,N1_spike_006
nGTTGACTGATCACATGCTGCTCCACGg,N1_spike_007
nCAGACAGTCATCGGATTGATGAGTGAg,N1_spike_008
nTGGCACAACGCAGTGTGTTGAGCTCCc,FluA_5_spike
nGCTTAAATAATAGTAGGAACGTTCGAg,FluA_12_spike
nCTGTAATGAGTCGTAGACAAGGATAAg,FluB_11_spike
nAATTTTAGGATTTGTGTTCACGCTCAC,FluA_5
nGATTTTAGGGTTTGTTTTCACGCTCAC,FluA_5
nGATTTTAGGATTTGTGTTCACGCTCAC,FluA_5
nGATTTTAGGGTTTGTGTTCACGCTCAC,FluA_5
nGATTTTGGGGTTTGTGTTCACGCTCAC,FluA_5
nGATTTTGGGATTTGTATTCACGCTCAC,FluA_5
nGATTTTGGGATTTGTGTTCACGCTCAC,FluA_5
nGATTTTAGGATTTGTGTTTACGCTCAC,FluA_5
nGATCTTGGGATTTGTATTCACGCTCAC,FluA_5
nGATTTTAGGATTTGTATTCACGCTCAC,FluA_5
nGATGTTAGGATTTGTGTTTACGCTCAC,FluA_5
nGATGTTGGGATTTGTATTCACGCTCAC,FluA_5
nAATTCTGGGATTTGTGTTCACGCTCAC,FluA_5
nAATTTTAGGGTTTGTGTTCACGCTCAC,FluA_5
nGATTTTAGGATTTGTTTTCACGCTCAC,FluA_5
nGGTGTTAGGGTTTGTGTTCACGCTCAC,FluA_5
nAATTTTGGGATTTGTATTCACGCTCAC,FluA_5
nAATTTTAGGGTTTATTTTTACGCTCAC,FluA_5
nAATTTTGGGATTTGTGTTCACGCTCAC,FluA_5
nGATTTTAGGGTTTGTGTTTACGCTCAC,FluA_5
nGATTTTAGGTTTTGTGTTCACGCTCAC,FluA_5
nGATTTTAGGATTCGTGTTCACGCTCAC,FluA_5
nAATTTTGGGATTCGTATTCACGCTCAC,FluA_5
nGATATTGGGATTTGTATTCACGCTCAC,FluA_5
nAATTTTAGGATTTGTATTCACGCTCAC,FluA_5
nAATTCTGGGGTTTGTGTTCACGCTCAC,FluA_5
nGATTTTAGGGTTTGTTTTTACGCTCAC,FluA_5
nGATTTTAGGATTTGTGTTCACACTCAC,FluA_5
nAATTTTAGGATTTGTGTTTACGCTCAC,FluA_5
nGATTTTAGGGTTCGTGTTCACGCTCAC,FluA_5
nAATCTTGGGATTTGTGTTCACGCTCAC,FluA_5
nGATTTTGGGGTTCGTGTTCACGCTCAC,FluA_5
nGATTCTAGGATTTGTGTTCACGCTCAC,FluA_5
nGATCTTAGGATTTGTGTTCACGCTCAC,FluA_5
nGATCTTAGGATTTGTATTCACGCTCAC,FluA_5
nGGTGTTAGGATTTGTGTTCACGCTCAC,FluA_5
nTATTTTAGGATTTGTGTTCACGCTCAC,FluA_5
nGATTTTAGGATTTGTTTTTACGCTCAC,FluA_5
nGATATTGGGATTTGTGTTCACGCTCAC,FluA_5
nAATCTTGGGATTTGTATTCACGCTCAC,FluA_5
nAATTTTGGGGTTTGTGTTCACGCTCAC,FluA_5
nGATCCTGGGGTTTGTGTTCACGCTCAC,FluA_5
nGATTCTGGGATTTGTGTTCACGCTCAC,FluA_5
nGATTCTGGGGTTTGTGTTCACGCTCAC,FluA_5
nGATTTTGGGGTTTGTGTTTACGCTCAC,FluA_5
nGATTCTAGGGTTTGTTTTCACGCTCAC,FluA_5
nGATTTTAGGGTTTGTATTCACGCTCAC,FluA_5
nAATGTTGGGATTTGTATTCACGCTCAC,FluA_5
nGATGTTAGGTTTTGTGTTTACGCTCAC,FluA_5
nAATTCTAGGATTTGTGTTCACGCTCAC,FluA_5
nAATTTTGGGATTCGTGTTCACGCTCAC,FluA_5
nGATCTTGGGATTTGTGTTCACGCTCAC,FluA_5
nTATTTTAGGGTTTGTGTTCACGCTCAC,FluA_5
nGATTTTGGGTTTTGTGTTCACGCTCAC,FluA_5
nAATTTTAGGATTCGTATTCACGCTCAC,FluA_5
nAATTTTGGGGTTCATTTTTACGCTCAC,FluA_5
nAATTCTGGGATTCGTGTTCACGCTCAC,FluA_5
nAATTTTAGGATTCGTGTTCACGCTCAC,FluA_5
nGATTTTAGGTTTTGTTTTCACGCTCAC,FluA_5
nGATCTTAGGGTTTGTTTTCACGCTCAC,FluA_5
nGATTCTAGGGTTTGTGTTCACGCTCAC,FluA_5
nGATTTTGGGATTCGTATTCACGCTCAC,FluA_5
nGATTTTAGGATTCGTATTCACGCTCAC,FluA_5
nTATTCTAGGGTTTGTGTTCACGCTCAC,FluA_5
nAATTTTAGGATTTGTGTTCACACTCAC,FluA_5
nGATTTTGGGGTTTGTATTCACGCTCAC,FluA_5
nGATCTTGGGGTTTGTGTTCACGCTCAC,FluA_5
nAATTTTAGGGTTCGTGTTCACGCTCAC,FluA_5
nGATTTTAGGATTTATTTTTACGCTCAC,FluA_5
nGATGTTAGGGTTTGTGTTTACGCTCAC,FluA_5
nGATTTTAGGATTTGTGTTTACACTCAC,FluA_5
nAATTTTAGGGTTTGTTTTCACGCTCAC,FluA_5
nGATTTTAGGGTTCGTGTTTACGCTCAC,FluA_5
nGATTTTGGGATTTGTGTTTACGCTCAC,FluA_5
nGGTTTTAGGATTTGTGTTCACGCTCAC,FluA_5
nGATCTTAGGGTTTGTGTTCACGCTCAC,FluA_5
nGATTTTAGGATTTGTATTTACGCTCAC,FluA_5
nGATTTTGGGATTCGTGTTCACGCTCAC,FluA_5
nGATTTTAGGCTTTGTGTTCACGCTCAC,FluA_5
nGGTGTTAGGGTTTGTATTCACGCTCAC,FluA_5
nAATTTTAGGATTTGTTTTCACGCTCAC,FluA_5
nAATCTTAGGATTTGTGTTCACGCTCAC,FluA_5
nAATTTTAGGGTTTGTTTTTACGCTCAC,FluA_5
nGATATTAGGATTTGTATTCACGCTCAC,FluA_5
nGATTTTGGGGTTCGTGTTTACGCTCAC,FluA_5
nGATTTTAGGGTTTGTCTTCACGCTCAC,FluA_5
nCATTTTGGGATTTGTGTTCACGCTCAC,FluA_5
nGATTTTAGGGTTCGTTTTCACGCTCAC,FluA_5
nGATTTTAGGGTTTGTTTTCACACTCAC,FluA_5
nGATACTGGGATTTGTATTCACGCTCAC,FluA_5
nGATCTTGGGATTCGTATTCACGCTCAC,FluA_5
nGATTTTAGGATTTGTATTCACACTCAC,FluA_5
nGATTTTGGGGTTTGTTTTCACGCTCAC,FluA_5
nAATTTTAGGGTTTGTGTTTACGCTCAC,FluA_5
nGATGTTAGGATTTGTATTCACGCTCAC,FluA_5
nGATGTTAGGATTTGTGTTCACGCTCAC,FluA_5
nGATTTTAGGGTTTATTTTTACGCTCAC,FluA_5
nCATTTTGGGATTTGTATTCACGCTCAC,FluA_5
nGATTTTAGGATTTATATTCACGCTCAC,FluA_5
nAATTTTGGGATTTATATTCACGCTCAC,FluA_5
nGATTTTAGGACTTGTGTTCACGCTCAC,FluA_5
nGATCCTAGGATTTGTGTTCACGCTCAC,FluA_5
nAATTCTGGGATTTGTATTCACGCTCAC,FluA_5
nGATTTTGGGATTTGTGTTCACACTCAC,FluA_5
nAATTTTAGGACTTGTGTTCACGCTCAC,FluA_5
nAATTTTAGGATTTATTTTTACGCTCAC,FluA_5
nGATTTTGGGATTTGTATTCACACTCAC,FluA_5
nAATCCTGGGATTTGTGTTCACGCTCAC,FluA_5
nAATTTTAGGATTAGTGTTCACGCTCAC,FluA_5
nAATTTTAGGATTTATGTTCACGCTCAC,FluA_5
nAATTTTAGGGTTCGTGTTTACGCTCAC,FluA_5
nAATTTTAGGTTTTGTGTTCACGCTCAC,FluA_5
nAATTGTAGGATTTGTGTTCACGCTCAC,FluA_5
nCATTTTAGGATTTGTGTTCACGCTCAC,FluA_5
nGATTTTAGGAGTTGTGTTCACGCTCAC,FluA_5
nGATTTTAGGATTTGTCTTTACGCTCAC,FluA_5
nGATTTTAGGGTTTGTGTTCACACTCAC,FluA_5
nGATTTTGGGATTCGTGTTTACGCTCAC,FluA_5
nGATTTTGGGTTTTGTGTTTACGCTCAC,FluA_5
nAATATTGGGATTTGTATTCACGCTCAC,FluA_5
nAATTTTAGGATTTGTGTACACGCTCAC,FluA_5
nAATTTTAGGCTTTGTGTTCACGCTCAC,FluA_5
nGATCTTAGGATTTGTTTTTACGCTCAC,FluA_5
nGATGTTAGGGTTCGTGTTTACGCTCAC,FluA_5
nGATTTTAGGGCTTGTGTTCACGCTCAC,FluA_5
nGATTTTAGGGTTTATTTTCACGCTCAC,FluA_5
nAATTTTAGGATTCGTATTTACGCTCAC,FluA_5
nAATTTTAGGATTTRTGTTCACGCTCAC,FluA_5
nAATTTTGGGATTTGTGTTTACGCTCAC,FluA_5
nAATTTTGGGGTTCGTGTTCACGCTCAC,FluA_5
nAATTTTGGGTTTCATTTTTACGCTCAC,FluA_5
nGATATTAGGATTTGTGTTCACGCTCAC,FluA_5
nGATCTTGGGGTTCGTGTTCACGCTCAC,FluA_5
nGATTTTAGGATTCGTGTTTACGCTCAC,FluA_5
nGATTTTAGGATTTGTGTACACGCTCAC,FluA_5
nGATTTTAGGGGTTGTGTTCACGCTCAC,FluA_5
nGATTTTAGGTTTGGTGTTCACGCTCAC,FluA_5
nGATTTTGGGATTTGTATTTACGCTCAC,FluA_5
nRATTTTAGGATTTGTGTTCACGCTCAC,FluA_5
nAATCTTGGGATTTGTRTTCACGCTCAC,FluA_5
nAATTTTAGGATTTGTRTTCACGCTCAC,FluA_5
nAATTTTGGGATTCGTATTTACGCTCAC,FluA_5
nGATATTAGGGTTTGTGTTCACGCTCAC,FluA_5
nGATATTAGGGTTTGTGTTTACGCTCAC,FluA_5
nGATGTTGGGATTTGTGTTTACGCTCAC,FluA_5
nGATTCTAGGATTTGTGTTTACGCTCAC,FluA_5
nGATTTTAGGGTTTATATTCACGCTCAC,FluA_5
nGATTTTGGGAGTTGTATTCACGCTCAC,FluA_5
nGGTGTTAGGGTTTGTGTTTACGCTCAC,FluA_5
nGGTTTTAGGGTTTGTGTTTACGCTCAC,FluA_5
nTATTCTAGGATTTGTGTTCACGCTCAC,FluA_5
nTATTTTAGGTTTTGTGTTCACGCTCAC,FluA_5
nAATGTTAGGATTTGTGTTCACGCTCAC,FluA_5
nAATTCTAGGCTTTGTGTTCACGCTCAC,FluA_5
nAATTTTAGGATGTGTGTTCACGCTCAC,FluA_5
nAATTTTGGGGTTCGTATTCACGCTCAC,FluA_5
nAATTTTGGGGTTCGTGTTTACGCTCAC,FluA_5
nAGTTTTAGGATTTGTGTTCACGCTCAC,FluA_5
nGATATTGGGATTTGTATTTACGCTCAC,FluA_5
nGATCTTAGGGTTTGTGTTTACGCTCAC,FluA_5
nGATCTTGGGATTTGTATTCACACTCAC,FluA_5
nGATCTTGGGATTTGTTTTCACGCTCAC,FluA_5
nGATGTTGGGATTTGTGTTCACGCTCAC,FluA_5
nGATTCTGGGATTTGTATTCACGCTCAC,FluA_5
nGATTTTAGGATTTATTTTCACGCTCAC,FluA_5
nGATTTTAGGATTTGTCTTCACGCTCAC,FluA_5
nGATTTTAGGATTTGTGTTCACGCTCGC,FluA_5
nGATTTTAGGCTTCGTGTTCACGCTCAC,FluA_5
nGATTTTGGGATTTATATTCACGCTCAC,FluA_5
nGATTTTGGGGTTTGTGTTCACACTCAC,FluA_5
nGATTTTGGGGTTTGTTTTTACGCTCAC,FluA_5
nTATTTTGGGGTTTGTGTTCACGCTCAC,FluA_5
nAATGTTAGGATTTGTGTTTACGCTCAC,FluA_5
nAATTCTAGGATTCGTGTTCACGCTCAC,FluA_5
nAATTCTGGGGTTTGTATTCACGCTCAC,FluA_5
nAATTCTGGGGTTTGTGTTTACGCTCAC,FluA_5
nAATTCTTGGATTTGTGTTCACGCTCAC,FluA_5
nAATTGTGGGATTCGTGTTCACGCTCAC,FluA_5
nCATTTTAGGGTTTGTGTTCACGCTCAC,FluA_5
nGATCTTGGGAGTTGTATTCACGCTCAC,FluA_5
nGATCTTGGGATTTGTATTTACGCTCAC,FluA_5
nGATCTTGGGATTTGTGTTCACACTCAC,FluA_5
nGATGTTAGGTTTTGTATTTACGCTCAC,FluA_5
nGATTCTGGGGTTTGTGTTTACGCTCAC,FluA_5
nGATTTGGGGATTTGTATTCACGCTCAC,FluA_5
nGATTTTAAGATTTGTGTTCACGCTCAC,FluA_5
nGATTTTAGGATTCATATTCACGCTCAC,FluA_5
nGATTTTAGGATTTATTTTCACACTCAC,FluA_5
nGATTTTAGGGGTTGTTTTCACGCTCAC,FluA_5
nGATTTTAGGGTTCATATTCACGCTCAC,FluA_5
nGATTTTAGGGTTCGTATTCACGCTCAC,FluA_5
nGATTTTAGGGTTTGTRTTCACGCTCAC,FluA_5
nGATTTTAGGRTTTGTGTTCACGCTCAC,FluA_5
nGATTTTAGGTTTTGTGTTTACGCTCAC,FluA_5
nGATTTTGGGATTTGTCTTCACGCTCAC,FluA_5
nGATTTTGGGGTGTGTGTTCACGCTCAC,FluA_5
nGATTTTGGGGTTTGTGTACACGCTCAC,FluA_5
nGATTTTGGGTTTTGTCTTCACGCTCAC,FluA_5
nGATYTTAGGATTTGTGTTCACGCTCAC,FluA_5
nGGTATTAGGGTTTGTGTTCACGCTCAC,FluA_5
nGGTGCTAGGATTTGTGTTCACGCTCAC,FluA_5
nGGTGTTAGGGTTTGTTTTCACGCTCAC,FluA_5
nGGTTTTAGGGTTTGTGTTCACGCTCAC,FluA_5
nGRTTTTAGGATTTGTGTTCACGCTCAC,FluA_5
nRATTTTAGGGTTTGTTTTCACGCTCAC,FluA_5
nTATTTTAGGATTTGTATTCACGCTCAC,FluA_5
nAATCCTGGGATTTGTGTTTACGCTCAC,FluA_5
nAATCCTGGGGTTTGTGTTCACGCTCAC,FluA_5
nAATCTTGGGATTCGTATTCACGCTCAC,FluA_5
nAATGTTAGGTTTTGTGTTTACGCTCAC,FluA_5
nAATTCTAGGATTTGTGTTCACACTCAC,FluA_5
nAATTCTAGGGTTTGTGTTCACGCTCAC,FluA_5
nAATTCTGGGATTCGTATTCACGCTCAC,FluA_5
nAATTCTGGGATTTGTGTTCACACTCAC,FluA_5
nAATTCTGGGGTTTGTGTTCACACTCAC,FluA_5
nAATTTTACGGTTTGTGTTCACGCTCAC,FluA_5
nAATTTTAGGAGTTGTGTTCACGCTCAC,FluA_5
nAATTTTAGGAGTTGTGTTTACGCTCAC,FluA_5
nAATTTTAGGATTTGTATTCCCGCTCAC,FluA_5
nAATTTTAGGATTTGTCTTCACACTCAC,FluA_5
nAATTTTAGGATTTGTCTTCACGCTCAC,FluA_5
nAATTTTAGGATTTGTGTCCACGCTCAC,FluA_5
nAATTTTAGGATTTGTGTTCACACCCAC,FluA_5
nAATTTTAGGATTTGTGTTCACGCCCAC,FluA_5
nAATTTTAGGATTTGTGTTCACRCTCAC,FluA_5
nAATTTTAGGATTTGTGTTCACTCTCAC,FluA_5
nAATTTTAGGATTTGTGTWCACGCTCAC,FluA_5
nAATTTTAGGATYTGTGTTCACGCTCAC,FluA_5
nAATTTTAGGGTTTATTTTTACACTCAC,FluA_5
nAATTTTAGGRTTTGTGTTCACGCTCAC,FluA_5
nAATTTTGGGATTAGTATTCACGCTCAC,FluA_5
nAATTTTGGGATTCGTATTCACACTCAC,FluA_5
nAATTTTGGGATTTGTATTCACACTCAC,FluA_5
nAATTTTGGGATTTGTATTTACGCTCAC,FluA_5
nAATTTTGGGATTTGTTTTCACGCTCAC,FluA_5
nAATTTTGGGCTTCGTGTTCACGCTCAC,FluA_5
nAATTTTGGGCTTTGTGTTCACGCTCAC,FluA_5
nAATTTTGGGGTTCATATTCACGCTCAC,FluA_5
nAATTTTGGGTTTTGTGTTCACGCTCAC,FluA_5
nAATTYTAGGATTTGTGTTCACGCTCAC,FluA_5
nATTTTGGGATTTGTATTCACGCTCACC,FluA_5
nCATTTTGGGCTTTGTCTTCACGCTCAC,FluA_5
nGACTTTAGGATTTGTGTTCACGCTCAC,FluA_5
nGAGTTTAGGGTTCGTGTTCACGCTCAC,FluA_5
nGATACTGGGATTTGTATTTACGCTCAC,FluA_5
nGATATCAGGATTTGTATTCACGCTCAC,FluA_5
nGATATTAGGTTTTGTGTTTACGCTCAC,FluA_5
nGATATTGGGATTCGTATTCACGCTCAC,FluA_5
nGATATTGGGGTTTGTATTCACGCTCAC,FluA_5
nGATCCTAGGATTTGTGTTTACGCTCAC,FluA_5
nGATCTTAGGATTCGTGTTCACGCTCAC,FluA_5
nGATCTTAGGATTTGTGTTTACGCTCAC,FluA_5
nGATCTTGGGACTTGTATTCACGCTCAC,FluA_5
nGATCTTGGGATTTATATTCACGCTCAC,FluA_5
nGATCTTGGGATTTGTATGCACGCTCAC,FluA_5
nGATCTTGGGCTTTGTATTCACGCTCAC,FluA_5
nGATCTTGGGGTTCGTGTACACGCTCAC,FluA_5
nGATCTTGGGGTTTGTATTCACGCTCAC,FluA_5
nGATGTTAGGATTCGTGTTTACGCTCAC,FluA_5
nGATGTTAGGCTTTGTGTTTACGCTCAC,FluA_5
nGATGTTAGGGTTTGTGTTCACGCTCAC,FluA_5
nGATGTTGGGATTCGTATTCACGCTCAC,FluA_5
nGATGTTGGGATTTGTATTCACACTCAC,FluA_5
nGATGTTGGGATTTGTATTTACGCTCAC,FluA_5
nGATGTTGGGATTTGTTTTCACGCTCAC,FluA_5
nGATGTTGGGGTTTGTATTCACGCTCAC,FluA_5
nGATGYTGGGATTTGTATTCACGCTCAC,FluA_5
nGATTCTAGGATTCGTGTTCACGCTCAC,FluA_5
nGATTCTAGGATTTGTATTCACGCTCAC,FluA_5
nGATTGTGGGGTTCGTGTTTACGCTCAC,FluA_5
nGATTTCAGGGTTTGTGTTCACGCTCAC,FluA_5
nGATTTTAGGACTTGTATTCACGCTCAC,FluA_5
nGATTTTAGGATGTGTATTCACGCTCAC,FluA_5
nGATTTTAGGATTAGTATTCACGCTCAC,FluA_5
nGATTTTAGGATTCGTGTTCACACTCAC,FluA_5
nGATTTTAGGATTTATATTTACGCTCAC,FluA_5
nGATTTTAGGATTTGTATTCACGCTCCC,FluA_5
nGATTTTAGGATTTGTATTNNNNCTCAC,FluA_5
nGATTTTAGGATTTGTGTCCACGCTCAC,FluA_5
nGATTTTAGGATTTGTGTTCACGCTGAC,FluA_5
nGATTTTAGGATTTGTNTTCACGCTCAC,FluA_5
nGATTTTAGGATTTTTGTTCACGCTCAC,FluA_5
nGATTTTAGGGCTTGTTTTCACGCTCAC,FluA_5
nGATTTTAGGGGTTGTGTTTACGCTCAC,FluA_5
nGATTTTAGGGTTAGTGTTCGCTCACCG,FluA_5
nGATTTTAGGGTTCGTTTTTACGCTCAC,FluA_5
nGATTTTAGGGTTTCTTTCCAAAAACAC,FluA_5
nGATTTTAGGGTTTGAGATCACGCTAAC,FluA_5
nGATTTTAGGGTTTGTGCTCACGCTCAC,FluA_5
nGATTTTAGGGTTTGTGTACACGCTCAC,FluA_5
nGATTTTAGGGTTTGTGTATACGCTCAC,FluA_5
nGATTTTAGGGTTTGTGTTCACRCTCAC,FluA_5
nGATTTTAGGGTTTGTGTTCGCTCACCG,FluA_5
nGATTTTAGGGTTTGTGTTYACGCTCAC,FluA_5
nGATTTTAGGGTTTGTTTACACGCTCAC,FluA_5
nGATTTTAGGGTTTGTTTTCACTCTCAC,FluA_5
nGATTTTAGGGTTTGTTTTCRCGCYCAC,FluA_5
nGATTTTAGGGTTTRTTTTCACGCTCAC,FluA_5
nGATTTTAGGGTTYGTGTTCACGCTCAC,FluA_5
nGATTTTAGGGYTTGTTTTCACGCTCAC,FluA_5
nGATTTTAGGRTTTGTRTTCACGCTCAC,FluA_5
nGATTTTAGGRTTTGTTTTCACGCTCAC,FluA_5
nGATTTTAGGTTTTGTATTCACGCTCAC,FluA_5
nGATTTTAGGTTTTGTGTTCACACTCAC,FluA_5
nGATTTTGGGACTTGTGTTCACGCTCAC,FluA_5
nGATTTTGGGATTGGTGTTCACGCTCAC,FluA_5
nGATTTTGGGCTTCGTGTTCACGCTCAC,FluA_5
nGATTTTGGGGCTTGTGTTCACGCTCAC,FluA_5
nGATTTTGGGGTTAGTGTTCACGCTCAC,FluA_5
nGATTTTGGGGTTTGTGTTCGCGCTCAC,FluA_5
nGATTTTGGGRTTTGTGTTCACGCTCAC,FluA_5
nGATTTTGGRATTTGTGTTCACGCTCAC,FluA_5
nGATTTTRGGGTTTGTGTTCACGCTCAC,FluA_5
nGATYTTRGGRTTTGTRTTCACGCTCAC,FluA_5
nGATYYTAGGATTTGTGTTCACGCTCAC,FluA_5
nGATKTTAGGRTTTGTGTTYACGCTCAC,FluA_5
nGGATTTAGGATTTGTGTTCACGCTCAC,FluA_5
nGGTCTTAGGGTTTGTGTTCACGCTCAC,FluA_5
nGGTGTTAGGATTTGTGTTTACGCTCAC,FluA_5
nGGTGTTAGGATTTGTTTTCACGCTCAC,FluA_5
nGGTTTTAGGGTTTGTTTTCACGCTCAC,FluA_5
nGGTTTTGGGGTTTGTGTTCACGCTCAC,FluA_5
nGGTTTTGGGGTTTGTGTTTACGCTCAC,FluA_5
nGRTSTTRGGRTTTGTRTTCACGCTCAC,FluA_5
nGTTTTTAGGGTTTGTGTTCACGCTCAC,FluA_5
nRATTTTAGGATTTGTRTTYACGCTCAC,FluA_5
nTATTTTGGGATTCGTATTCACGCTCAC,FluA_5
nTATTTTGGGATTTGTGTTCACGCTCAC,FluA_5
nTTGAATGGAATGATAACACAGTTCGAG,FluA_12
nTTGAATGGAATGGTAACACGGTTCGAG,FluA_12
nTTGAGTGGAATGGTAACACGGTTCGAG,FluA_12
nTTGAATGGAATGATAACTCAATTCGAG,FluA_12
nTTGAATGGAATGATAACACAGTTCGGG,FluA_12
nTTGAATGGAATGATAACACGGTTCGAG,FluA_12
nTTGAGTGGAATGATAACACAGTTCGAA,FluA_12
nTTGAATGGAATGATAACACAGTTCGAA,FluA_12
nTTGAGTGGAATGGTAACACAGTTCGAG,FluA_12
nTTGAATGGAATGGTAACACAGTTCGAG,FluA_12
nTTGAATGGAATGATAACACAGTTCAAG,FluA_12
nTTGAGTGGAATGATAACACAGTTCGAG,FluA_12
nTTGAATGGAATGATAATGCAGTTCGAG,FluA_12
nTTGAATGGAATGATAACTCAATTAGAG,FluA_12
nTTGAATGGAATGATAACACAGTTAGGA,FluA_12
nTTAAATGGAATGATAATACGGTTAGAA,FluA_12
nTTGAATGGAATAGTAACACAGTTCGAG,FluA_12
nTTGAATGGAATGATAACACAATTCGAG,FluA_12
nTTAAATGGAATGATAATACGGTTAAAA,FluA_12
nTTGAATGGAATGATAACACAGTTAGGG,FluA_12
nTTGAATGGAATGATAACGCAGTTCGAG,FluA_12
nTTGAATGGAATGATAATACAGTTCGAG,FluA_12
nTTGAATGGAATAATAACACAGTTCGAG,FluA_12
nTTGAATGGAATAGTAACACGGTTCGAG,FluA_12
nTTGAATGGAATGGTAACACGGTTCGAA,FluA_12
nTTGAATGGAATGGTAACACGATTCGAG,FluA_12
nTTGAGTGGAATGATAACTCAATTCGAG,FluA_12
nTTGAATGGAATGATAACACAGTTAGAG,FluA_12
nTTGAATGGAATGATAACACTGTTCGAG,FluA_12
nTTAAATGGAATGATAACACAGTTCGAG,FluA_12
nTTGAGTGGAATGATAACGCAGTTCGAG,FluA_12
nTTGAATGGAATGGTAACACGGTTAGAG,FluA_12
nTTAAATGGAATGATAATACAGTTAGAG,FluA_12
nTTGAATGGAATGATAACACAATTCGAA,FluA_12
nTTGAATGGAATGATAACACAGTTCGGA,FluA_12
nTTGAATGGAATGATAACACAGTTCAGA,FluA_12
nTTAAATGGAATGATAATACGGTTAGAG,FluA_12
nTTGAATGGAGTGATAACACAGTTCGAG,FluA_12
nTTGAGTGGAATGGTAACACGATTCGAG,FluA_12
nTTGAATGGAATAGTAACACGGTTAGAG,FluA_12
nTTGAATGGAATGACAACACAGTTCGAG,FluA_12
nTTAAATGGAATGATAACACAGTTAGAG,FluA_12
nTTGAATGGAATGGTAACACAATTCGAG,FluA_12
nTTGAATGGAATGATAACACAGTTCAAA,FluA_12
nTTGAATGGAATGGTAACACGGTTCAAG,FluA_12
nTTGAATGGAATGATAACAAAGTTCGAG,FluA_12
nTTGAATGGAATGATAACACGGTTCGAA,FluA_12
nTTGAATGGAATGATAACTCAGTTCGAG,FluA_12
nTTGAATGGAATGGTAACACGGTTCGGG,FluA_12
nTTAAATGGAATGATAACACAGTTCAAG,FluA_12
nTTGAATGGAATGATAACAAAGTTCAAG,FluA_12
nTTGAGTGGAATAGTAACACGGTTCGAG,FluA_12
nTTGCATGGAATGATAACACAGTTCGAG,FluA_12
nTTGAATGGAATAATAACACAGTTCGAA,FluA_12
nTTGAATGGAGTGGTAACACGGTTCGAG,FluA_12
nTTGAGTGGAATGATAATGAAGTTCGAG,FluA_12
nTTGAATGGAATGGTAATACGGTTCGAG,FluA_12
nTTGACTGGAATGGTAACACGGTTCGAG,FluA_12
nTTAAATGGAACGATAATACGGTTAGAA,FluA_12
nTTAAATGGAATGATAATAAGGTTAGAA,FluA_12
nTTAAATGGAATGGTAACACGGTTCGAG,FluA_12
nTTGAATGGAATAATAACACGGTTCGAG,FluA_12
nTTGAATGGAATGATAACACAGTTCAGG,FluA_12
nTTGAATGGAATGATAACACAGTTCRAG,FluA_12
nTTGAATGGAATGATAACTCGATTCGAG,FluA_12
nTTGAATGGAATGATAATGCAGTTCGAA,FluA_12
nTTGAATGGAATGGTAACAAGGTTCGAG,FluA_12
nTTGAATGGAATGGTAACACTGTTCGAG,FluA_12
nTTGAATGGAATGGTAGCACGGTTCGAG,FluA_12
nTTGAGTGGAATGATAACACAGTTCGGG,FluA_12
nTTGAGTGGAATGATAACACGGTTCGAG,FluA_12
nTTGAGTGGAATGGTAACACGGTTCGAA,FluA_12
nTGGAATGGAATGATAACACAGTTCGAG,FluA_12
nTTAAATGGAATGATAACACGGTTCGAG,FluA_12
nTTGAATGGAATAATAACTCAATTCGAG,FluA_12
nTTGAATGGAATGATAACTCAATTCGAA,FluA_12
nTTGAATGGAATGATAACTCAGTTCGAA,FluA_12
nTTGAATGGAATGGTAACACAGTTCAAG,FluA_12
nTTGAATGGAATTATAACACAGTTCGAG,FluA_12
nTGGAATGGAATGGTAACACGGTTCGAG,FluA_12
nTTAAATGGAATGATAACACAGTTAGAA,FluA_12
nTTGAATGGAATAATAACACAGTTCGGG,FluA_12
nTTGAATGGAATGACAACACAGTTCAAG,FluA_12
nTTGAATGGAATGATAACACAGTTCGAC,FluA_12
nTTGAATGGAATGATAACACAGTTCGRG,FluA_12
nTTAAATGGAATGATAACACAGTTCGGG,FluA_12
nTTGAATGGAATAGTAACACAGTTCAAG,FluA_12
nTTGAATGGAATAGTAACACGGTTAGGG,FluA_12
nTTGAATGGAATAGTAACACGGTTCGAA,FluA_12
nTTGAATGGAATGATAACACAATTAGAG,FluA_12
nTTGAATGGAATGATAACACGATTCGAG,FluA_12
nTTGAATGGAATGATAACGCAATTCGAG,FluA_12
nTTGAATGGAATGATAATACGGTTCGAG,FluA_12
nTTGAATGGAATGCTAACACGGTTCGAG,FluA_12
nTTGAATGGAATGGTAACAAAATTCGAG,FluA_12
nTTGAATGGAATGGTAACACAGTTCGAA,FluA_12
nTTGAATGGAATGGTAACACGGCTCGAG,FluA_12
nTTGAATGGAATGGTAACGCGGTTCGAG,FluA_12
nTTGAATGTAATGATAACACAGTTCGAG,FluA_12
nTTGAGTGGAATGATAACACAGTTAGAG,FluA_12
nTTGAGTGGAATGGTAACACGGTTCAAG,FluA_12
nCTGAATGGAATGGTAACACGGTTCGAG,FluA_12
nTTAAATGGAATGATAACACAGTTCAGA,FluA_12
nTTGAAGAGAATGACAACACAGTTCGAG,FluA_12
nTTGAATGGAATGATAACACAATTCAAG,FluA_12
nTTGAATGGAATGATAACACAATTCGGA,FluA_12
nTTGAATGGAATGATAACACAGTCCGAG,FluA_12
nTTGAATGGAATGATAACACAGTTAGAA,FluA_12
nTTGAATGGAATGATAACACAGTTCGAR,FluA_12
nTTGAATGGAATGATAACGCAGTTCGAA,FluA_12
nTTGAATGGAATGATAACGCAGTTCGGG,FluA_12
nTTGAATGGAATGATAACTCAACTCGAG,FluA_12
nTTGAATGGAATGATAACTCAATTCAAG,FluA_12
nTTGAATGGAATGATTACCCAGTTCGAG,FluA_12
nTTGAATGGAATGGTAACAAAGTTCGAG,FluA_12
nTTGAATGGAATGGTAACTCAATTCGAG,FluA_12
nTTGAATGGAATGTTAACACGGTTCGAG,FluA_12
nTTGAATGGAATTGTAACACGGTTCGAG,FluA_12
nTTGAATGGAGTGATAACTCAATTCGAG,FluA_12
nTTGAGTGGAATGATAACACAATTCGAG,FluA_12
nTTGAGTGGAATGGTAACACGGTTCGGG,FluA_12
nTTGAGTGGAATGGTAACACGRTTCGAG,FluA_12
nTTGAGTGGAATGGTAACACRGTTCGAG,FluA_12
nTTGAGTGGAATGGTAACACTGTTCGAG,FluA_12
nTCGAATGGAATGATAACACAGTTCAAG,FluA_12
nTCGAATGGAATGATAACACAGTTCGAG,FluA_12
nTTAAATGGAATAATAACACAGTTCGAG,FluA_12
nTTAAATGGAATGGTAACACGGTTCGAA,FluA_12
nTTGAACGGAATGGTAACACGGTTCGAG,FluA_12
nTTGAATGGAACGATAACACAGTTCGAG,FluA_12
nTTGAATGGAATAATAATGCAGTTCGAA,FluA_12
nTTGAATGGAATGATAACACAATTCGGG,FluA_12
nTTGAATGGAATGATAACACACTTCGAG,FluA_12
nTTGAATGGAATGATAACACAGGTCGGG,FluA_12
nTTGAATGGAATGATAACACAGTTAAGA,FluA_12
nTTGAATGGAATGATAACACAGTTCGAT,FluA_12
nTTGAATGGAATGATAACACARTTCGAG,FluA_12
nTTGAATGGAATGATAACACGGTTCGGG,FluA_12
nTTGAATGGAATGATAACATTGTTCGAG,FluA_12
nTTGAATGGAATGATAACGAAGTTCGAG,FluA_12
nTTGAATGGAATGGCAACACGGTTCGAG,FluA_12
nTTGAATGGAATGGTAACAAGATTCGAG,FluA_12
nTTGAATGGAATGGTAACACAGTTCGGG,FluA_12
nTTGAATGGAATGRTAACACAGTTCGAG,FluA_12
nTTGAATGGAATRATAACACAGTTCGAG,FluA_12
nTTGAATGGAATTGTAACACAGTTCGAG,FluA_12
nTTGAATGGGATGGTAACACGGTTCGAG,FluA_12
nTTGACTGGAATGATAACTCAATTCGAG,FluA_12
nTTGAGTGGAATGATAACACAATTCGAA,FluA_12
nTTGAGTGGAATGATAATGCAGTTCGAG,FluA_12
nTTGAGTGGAATGGTAACAYGGTTCGAG,FluA_12
nTTGAGTGGAATTGTAACACAGTTCGAG,FluA_12
nTTGATTGGAATGGTAACACGGTTCGAG,FluA_12
nTTGGATGGAATGATAACACAGTTCGAG,FluA_12
nAACATTACTAAGGGCTTTCACCGAAGA,FluA_12
nCTGAATGGAATGATAACACAGTTCAAG,FluA_12
nGAGACAGCTACTCGGGCAGGAAAGCAA,FluA_12
nGATTGAAGAAGTGCGRCATAGATTGAA,FluA_12
nGCAACCGATTTGCAGACCAAGAACTGG,FluA_12
nGCGCAGACGATTTGCAGACCAAGAACT,FluA_12
nGGATGAAGGAGCAATAGTGGGCGAAAT,FluA_12
nTGAAAGGAAAGATAACACAGTTCGAGT,FluA_12
nTGGAAGGGAATGATAACACAGTTCGGG,FluA_12
nTGGAATGGAATGATAACACAGTTAGGA,FluA_12
nTGGAATGGAATGATAACACAGTTCAAG,FluA_12
nTTAAATGGAATGATAACACAGTTCGAC,FluA_12
nTTAAATGGAATGATAACACGGTTCGAA,FluA_12
nTTAAATGGAATGATAATAAGATTAGAA,FluA_12
nTTAAATGGAATGATAATACGATTAAAA,FluA_12
nTTAAATGGAATGATAATACGGCTAAAA,FluA_12
nTTAARTGGAATGATAATACGGTTAAAA,FluA_12
nTTGAAGGGAATGGTAACACGGTTCGAG,FluA_12
nTTGAATGCAATGATAACACAGTTCGAG,FluA_12
nTTGAATGGAATAATAATGCAGTTCGAG,FluA_12
nTTGAATGGAATAGTAACACGATTCGAG,FluA_12
nTTGAATGGAATAGTAACACTGTTCGAG,FluA_12
nTTGAATGGAATGACAACACAGTTAGGA,FluA_12
nTTGAATGGAATGATAACAAAGTTCAAA,FluA_12
nTTGAATGGAATGATAACAAGGTTCGAG,FluA_12
nTTGAATGGAATGATAACACAATTAGGA,FluA_12
nTTGAATGGAATGATAACACAATTCAAA,FluA_12
nTTGAATGGAATGATAACACAATTCGAC,FluA_12
nTTGAATGGAATGATAACACAGCTCGAG,FluA_12
nTTGAATGGAATGATAACACAGTTCAWG,FluA_12
nTTGAATGGAATGATAACACAGTTCCAG,FluA_12
nTTGAATGGAATGATAACACAGTTCGTG,FluA_12
nTTGAATGGAATGATAACACAGTTGGAG,FluA_12
nTTGAATGGAATGATAACACAGTTTGGG,FluA_12
nTTGAATGGAATGATAACACGGTTAGAG,FluA_12
nTTGAATGGAATGATAACACGGTTCAAG,FluA_12
nTTGAATGGAATGATAACACGGTTCGAT,FluA_12
nTTGAATGGAATGATAACACGTTTCGAG,FluA_12
nTTGAATGGAATGATAACACTGTTCGGG,FluA_12
nTTGAATGGAATGATAACACWGTTCGAG,FluA_12
nTTGAATGGAATGATAACCCAGTTCGAG,FluA_12
nTTGAATGGAATGATAACMCAGTTCGAG,FluA_12
nTTGAATGGAATGATAACGCAGTTAGAG,FluA_12
nTTGAATGGAATGATAACGCAGTTCAAG,FluA_12
nTTGAATGGAATGATAACTCAATTCGTG,FluA_12
nTTGAATGGAATGATAACWCARTTCGAG,FluA_12
nTTGAATGGAATGATAATACAGTTAGGG,FluA_12
nTTGAATGGAATGATAATACAGTTCGAA,FluA_12
nTTGAATGGAATGATAATGCAATTCGAG,FluA_12
nTTGAATGGAATGATAATGCAGTTAGAG,FluA_12
nTTGAATGGAATGATACCACAGTTCGAG,FluA_12
nTTGAATGGAATGATACCCCAGTTCGAG,FluA_12
nTTGAATGGAATGATCACTCAATTCGAG,FluA_12
nTTGAATGGAATGATGACACAGTTCGAG,FluA_12
nTTGAATGGAATGATTACCCAATTCGAG,FluA_12
nTTGAATGGAATGGCAACACAGTTCGAG,FluA_12
nTTGAATGGAATGGTAACACAGTTAGGA,FluA_12
nTTGAATGGAATGGTAACACGATTAGAG,FluA_12
nTTGAATGGAATGGTAACACGATTCAAG,FluA_12
nTTGAATGGAATGGTAACACGCTTCGAG,FluA_12
nTTGAATGGAATGGTAACACGTTTCGAG,FluA_12
nTTGAATGGAATGGTAACACRGTTCGAG,FluA_12
nTTGAATGGAATGGTAACAGGGTGCGAG,FluA_12
nTTGAATGGAATGGTAACATGGTTCGAG,FluA_12
nTTGAATGGAATGGTAACCCGGTTGGAG,FluA_12
nTTGAATGGAATGGTAACGCAGTTCGAG,FluA_12
nTTGAATGGAATGGTAACTCGGTTCGAG,FluA_12
nTTGAATGGAATGGTAGCACAGTTCGAG,FluA_12
nTTGAATGGAATGGTGACACGGTTCGAG,FluA_12
nTTGAATGGAATGTTAACACAGTTCGAG,FluA_12
nTTGAATGGAATGTTAACTCAATTCGAG,FluA_12
nTTGAATGGAATRGTAACACGGTTCGAG,FluA_12
nTTGAATGGAATTATAACACAGTTCAAG,FluA_12
nTTGAATGGAATTATAACACCGTTCGAG,FluA_12
nTTGAATGGAATTGTAACACGGTTAGAG,FluA_12
nTTGAATGGAGTAATAACACGGTTCGAG,FluA_12
nTTGAATGGAGTGATAACACTGTTCGAG,FluA_12
nTTGAATGGAGTGGTAACACAGTTCGAG,FluA_12
nTTGAATGGGATGATAACACAGTTCGAG,FluA_12
nTTGAATGGRATGGTAACACGGTTCGAG,FluA_12
nTTGAATGGTATGATAACACAGTTCGGG,FluA_12
nTTGAATGGTATGATGACACAGTTCGAG,FluA_12
nTTGAATGTAATGGTAACACGGCTCGAG,FluA_12
nTTGAATGTAATGGTAACACGGTTCGAG,FluA_12
nTTGAAWGGAATGGTAACACGGTTCGAG,FluA_12
nTTGAAKGGAATGATAACACAGTTCGAG,FluA_12
nTTGACTGGAATAATAACTCAATTCGAG,FluA_12
nTTGAGAGGAATGGTAACACGGTTCGAG,FluA_12
nTTGAGTGGAATAATAACACAGTTCGAG,FluA_12
nTTGAGTGGAATAATAACTCAATTCGAG,FluA_12
nTTGAGTGGAATAATAATGCAGTTCGAG,FluA_12
nTTGAGTGGAATAGTAACACAGTTCGAG,FluA_12
nTTGAGTGGAATGATAACAAAGTTCGAA,FluA_12
nTTGAGTGGAATGATAACACAGTTAGAA,FluA_12
nTTGAGTGGAATGATAACACAGTTCGCA,FluA_12
nTTGAGTGGAATGATAACGCAGTTCGAA,FluA_12
nTTGAGTGGAATGATAACGMAGTTCGAG,FluA_12
nTTGAGTGGAATGATAACTCAGTTCGAG,FluA_12
nTTGAGTGGAATGATAACTCGATTCGAG,FluA_12
nTTGAGTGGAATGGTAACACGGTTAGAG,FluA_12
nTTGAGTGGAATGGTAACACGGTTCGAR,FluA_12
nTTGAGTGGAATGGTAACACTATTCGAG,FluA_12
nTTGAGTGGAATTGTAACACAGTTAGAG,FluA_12
nTTGAGTGGAGTGGTAACACGGTTCGAG,FluA_12
nTTGAGYGGAATGGTAACACGGTTCGAG,FluA_12
nTTGARTGGAATGATAATGCAGTTCGAG,FluA_12
nTTGARTGGAATGGTAACACGGTTCGAG,FluA_12
nTTGGATGGAATGATAACACAGTTCGGG,FluA_12
nTTGGATGGAATGATAACACGGTTCGAG,FluA_12
nTTGGGTGGAATGATAACACAGTTCGGG,FluA_12
nTTGTATGGAATGATAACACAGTTCGAG,FluA_12
nTTCGAGCGTCTTAATGAAGGACATTCA,FluB_11
nTTCGAGCGTCTCAATGAAGGACATTCA,FluB_11
nTTCGAGCGTCTTAATGAAGGACATCCA,FluB_11
nTTCGAGCGTTTTAATGAAGGACATTCA,FluB_11
nTTCGATCGTCTCAATGAAGGACATTCA,FluB_11
nTTCGAACGTCTTAATGAAGGACATTCA,FluB_11
nTTCGAACGTCTCAATGAAGGACATTCA,FluB_11
nTTCGAGCGTCTCAATGAAGGACATACA,FluB_11
nTTCGAGCGTATTAATGAAGGACATTCA,FluB_11
nTTCGAGCGTCTCAATGAAGGATATTCA,FluB_11
nTTCGAGCGCCTCAATGAAGGACATTCA,FluB_11
nTTCGAGCGCCTTAATGAAGGACATTCA,FluB_11
nTTCGAGCGTCTTAATGAAGGATATTCA,FluB_11
nTTCGAGCGTATCAATGAAGGACATTCA,FluB_11
nTTCGAGCGTCTTAATGAGGGACATTCA,FluB_11
nTTCGAGCGTCTTAATGGAGGACATTCA,FluB_11
nTTCGAGCGTCTTGATGAAGGACATTCA,FluB_11
nTTCGAGCGTTTTGATGAAGGACATTCA,FluB_11
nTTCGAGCGTCTTAATAAAGGACATTCA,FluB_11
nTTCAATCGTCTCAATGAAGGACATTCA,FluB_11
nTTCGAGCGTCTCAATAAAGGACATTCA,FluB_11
nTTCGAGCGTCTCAATGAAAGACATTCA,FluB_11
nTTCGAGCGTCTCAATGAAGGACATCCA,FluB_11
nTTCGAGCGTCTTAATGAAAGACATTCA,FluB_11
nTTCGAGCGTCTCAGTGAAGGACATTCA,FluB_11
nTTCGAGCGTCTTGATGAAGGACATCCA,FluB_11
nTTCGGGCGTCTTAATGAAGGACATTCA,FluB_11
nTTCGAGCGTCTCGATGAAGGACATTCA,FluB_11
nTTCGAGCGTTTCAATGAAGGACATTCA,FluB_11
nTTCAAGCGTCTCAATGAAGGACATTCA,FluB_11
nTTCGAACGTATCAATGAAGGACATTCA,FluB_11
nTTCGAGCGTCTTAATGAAGAACATTCA,FluB_11
nTTCGAGCGTCTTAATGAAGGAAATTCA,FluB_11
nTTCGAGCGTCTTAATGAAGGACGTTCA,FluB_11
nTTCGAGCGTCTTAATGAAGGGCATTCA,FluB_11
nTTCGATCGTCTTAATGAAGGACATTCA,FluB_11
nTTTGAGCGTCTCAATGAAGGACATTCA,FluB_11
nTTCGAACGTCTTAATGAAGGRCATTCA,FluB_11
nTTCGACCGTCTTAATGAAGGACATTCA,FluB_11
nTTCGAGCATCTTAATGAAGGACATTCA,FluB_11
nTTCGAGCGTATTAATGGAGGACATTCA,FluB_11
nTTCGAGCGTCTCAATGAAGAACATTCA,FluB_11
nTTCGAGCGTCTCAATGAAGGACGTTCA,FluB_11
nTTCGAGCGTCTCAATGAAGGGCATTCA,FluB_11
nTTCGAGCGTCTCAATGGAGGACATTCA,FluB_11
nTTCGAGCGTCTTAACGAAGGACATTCA,FluB_11
nTTCGAGCGTCTTAATGAAGGACATACA,FluB_11
nTTCGAGCGTCTTAATGAAGGACATGCA,FluB_11
nTTCGAGCGTCTTAATGAAGGACATTCG,FluB_11
nTTCGAGCGTCTTAATGGAGGATATTCA,FluB_11
nTTCGAGCGTCTTAGTGAAGGACATTCA,FluB_11
nTTCGAGCGTCTYAATGAAGGACATTCA,FluB_11
nTTCGAGCGTMTCAATGAAGGACATTCA,FluB_11
nTTCGAGCGTGTTAATGAAGGACATTCA,FluB_11
nTTCGAGCGTTTAATGAAGGACATTCAA,FluB_11
nTTCGAGTGTCTTAATGAAGGACATTCA,FluB_11
nTTCGARCGTCTTAATGAAGGACATTCA,FluB_11
nTTCGRGCGTCTTAATGAAGGACATTCA,FluB_11