index,index2,pm
CATCTGTATC,ATGAGACTTG,1_1_1
CACAACGTAG,ACAAGATCGT,1_2_1
CCGTGTTACG,AAGTGATCAG,1_3_1
GATACTCTGT,ACGACACACG,1_4_1
CCATTCATGT,AAGGTGACGT,1_5_1
CATCGTTGGC,AGTGAGAGAG,1_6_1
TACATCGTTG,GAAGTGTGTT,1_7_1
TCGTGCTTGG,TACGAGGTAA,1_8_1
CTCCGTAGTA,ATCGACTGTT,1_9_1
TTCAGCGTAT,GGCTAATCCT,1_10_1
CCAGTTACCG,ATCACCGTAA,1_11_1
CTACAACGAA,AGTCGTTACG,1_12_1
GGAACTCTGG,CGTCAATGCG,1_13_1
CATCTGGAGT,AAGACTTGTC,1_14_1
AGTTCGTTGT,ACCAATCACG,1_15_1
CCGTACTATC,CCAATCTTCG,1_16_1
GAGGCTTAGA,GAGGCTATCT,1_1_2
ATCAACGCTG,ATAGAAGACG,1_2_2
TTCATGCGGA,GCGCCATCTT,1_3_2
CTACGCCACT,ATCGAGAAGA,1_4_2
CTAACGACGT,ATTAGTACGG,1_5_2
GTAGTCTAGT,CAACGTCTAA,1_6_2
ATTCCGACTC,AGGAATTCGG,1_7_2
CTGTCTTATC,CCGAGTGCAA,1_8_2
GTGTCATGAG,AGACTTACGG,1_9_2
TAAGCAGTCG,GGCTACGAAG,1_10_2
GTAGTAGTAC,CCAGTATGTA,1_11_2
CGTAGTTAGC,CCATCGGATT,1_12_2
TGTCCGGTGA,GGATCATGCT,1_13_2
TGAAGCGGAT,GGCTGTCATA,1_14_2
CTTGCTTGGC,AGCATGGTAG,1_15_2
CGCCAATGTC,ATTACCGTGG,1_16_2
CTGTCCGTTC,ACGTTGAAGA,1_1_3
GAAGGTAGCT,CACAGGATCG,1_2_3
CACAGTGTCT,AGAATTGACG,1_3_3
CCTGGATAGT,ACTAGGTCTA,1_4_3
CCAGAGTCTT,AGACATTGGT,1_5_3
TCTCAGTGGC,AAGCTTAGGA,1_6_3
CTTCTCAAGT,AAGTTGAGCG,1_7_3
GGAATGATCT,CCACTGATCT,1_8_3
ACGGCAGACT,ACATCATCCG,1_9_3
GTCTGAGGCT,GGCTTCCTAT,1_10_3
CTGTAGGAAT,CGGTTCCTAA,1_11_3
GTCCTTCTCT,GTAAGGAGTA,1_12_3
GTTCGCGTCA,GTGTTAGAGT,1_13_3
ACGACGTAGT,ACAGTATCGG,1_14_3
CTAATGTCAG,CGGTAGACAT,1_15_3
GCGTCCGTAA,AGCATGTTGA,1_16_3
GTAACATCGT,AGATTCTCTG,1_1_4
CCAGATGGAC,CCACGAATCG,1_2_4
CGGTTATGAT,ATGACAGTCG,1_3_4
GTACTTAGGT,AACGGATCTA,1_4_4
GTTGAGTCTT,GATTGTCGTA,1_5_4
GACCACGTTG,GAACAAGTGG,1_6_4
GAATCACGGA,CTGGATCAGA,1_7_4
GGTTCAATGA,ACATACCACG,1_8_4
ATAGTGGACA,AATCAGAACG,1_9_4
CAAGGTAGGC,ACATTGTTCG,1_10_4
GTTAGTCGTC,CATAACACCG,1_11_4
TTGATCGGAT,GAAGATGCGT,1_12_4
GGAATCTCTA,ATCAAGCGTC,1_13_4
CACTTCCTGT,AAGCAGTGTT,1_14_4
TCGAGCCTGA,TAGAATAGCG,1_15_4
GCGTAACTGA,AGTACTACGA,1_16_4
CCACCTTGGT,AACGGCAAGA,1_1_5
CGGATCGTAG,ACGAAGAACG,1_2_5
CCTATGTAGA,ACTGATAACG,1_3_5
TGTTCGCTAT,ATTCTGTCCG,1_4_5
GCGATCTCCA,AACTGTCCGG,1_5_5
TGTTCGTGGC,CTTGGAACCG,1_6_5
CTGAGATGAC,ATGTTCTGAG,1_7_5
GGTAGACGGT,GGATCATTGG,1_8_5
GACCAAGACT,AGTAGTTGGT,1_9_5
TGTCGGCTAG,ACTCCGGTAA,1_10_5
CTGAACGAAC,AACCACGACG,1_11_5
GAGCTTATGG,AGATCTTCAG,1_12_5
CGGTGTCTGA,AGGAATGTGA,1_13_5
CTTAACGATG,CGATCTACGG,1_14_5
CTCTTATCAC,CTACTAACGG,1_15_5
TTGCTTCTGG,GTAGCACACG,1_16_5
CTACAAGAGT,AGCGATCTAA,1_1_6
GTTCGATGGA,AAGTGAGTGA,1_2_6
CCACTATTGG,CAGATCACAG,1_3_6
CTAGCCTTGT,ACTGTGGCCT,1_4_6
TCGGCATACG,CGTGTAATTG,1_5_6
ATTGGTTCCA,ACCATATCGA,1_6_6
CTATGGATGT,CACATGGTCA,1_7_6
ATGTTGCCTC,ATCGTTCGTA,1_8_6
TGATCCGGAG,GAGATTCCGG,1_9_6
TTCTCATGGT,CCGTGGATCA,1_10_6
ATCCAATCTC,AGCTAATGGA,1_11_6
TCATCCGGCT,CGATGAGGTA,1_12_6
CTGACGTTAA,AACATGCGCG,1_13_6
GTAATCGCGG,ACCTAACCGG,1_14_6
TCTAGTGCAT,GTCAGAATTG,1_15_6
TTGGAGTCTC,CAGTCTTGGA,1_16_6
CCTTGTAGCT,ATCTGGAACG,1_1_7
CAGTCGGCTT,ACCGCATAGA,1_2_7
TAATGCGTGA,CATGTCTCTG,1_3_7
TCCTGAGGTA,CACACCTGGA,1_4_7
CGGACTTCAT,ATGTCATACG,1_5_7
CCTTCAACGT,ACAGGAAGCG,1_6_7
CCATCGAGAG,ACTTCGTGCG,1_7_7
ATGACTCTGG,ATATGCGACG,1_8_7
CTCCAGAAGT,CAGTAGAGTT,1_9_7
TTCTTCACGT,AAGACCAACG,1_10_7
GACTGCTTCG,CGAGGTAGAG,1_11_7
CCGAACATGG,ATTGAATCGG,1_12_7
GGTAGATACC,AACTTAGGCG,1_13_7
TTGAGTACAC,GGTACACAAG,1_14_7
TCCTCACCTG,CTGCAACAGG,1_15_7
CCTCTGGCTT,AAGAGAATCG,1_16_7
GTCTCAGTAG,CGATACAACG,1_1_8
GGTGCCTCTT,CTATCCTTCG,1_2_8
TAGGTGCGTT,AATCCTACCG,1_3_8
TCGTAAGTAG,CACGGTATCA,1_4_8
GATGTATCCG,CACTAGGATA,1_5_8
CGTACGTAAC,ATGCTTATCG,1_6_8
TCGCCTTCAG,CAGTACGATG,1_7_8
CCAACTCCTC,AGGAGAGGTA,1_8_8
GGAATCGTAA,GAGTTCTATC,1_9_8
TTATCGCTGT,TCTAAGGACG,1_10_8
GGTAACGTCC,GGATCCAATG,1_11_8
CGATTAACGT,CAATCATCGG,1_12_8
CCGATGCGTT,ATACGTACTG,1_13_8
GACTCAACCG,ACGTTCGGAA,1_14_8
TTGTCCAGAT,TATCTTACGG,1_15_8
TTCGGCATGA,AGACTGGTTA,1_16_8
GTTCTGTACT,GAACTACACG,1_1_9
TTCTGGCTAT,GTATAGAGAG,1_2_9
CTACCGTAGC,CGCAGAGGTT,1_3_9
TTGAGTCGAA,TCAAGCAACG,1_4_9
CTGTGATACC,AATACGAGCG,1_5_9
ATGTGCTCCT,ATGAACGGAA,1_6_9
CCTATCGACA,ACTTAAGTCG,1_7_9
GCTATGTGCT,GACATAATCG,1_8_9
CCTTATCTGT,ATAGATGCGG,1_9_9
GAACGGACAC,CGAGATCTTA,1_10_9
TCCTACAAGT,GGCAATCTTG,1_11_9
TTCCATCGTT,GACCTATCGG,1_12_9
CAAGTGACTT,ATGGATGCCT,1_13_9
CCATATATCG,AGGTACGTTG,1_14_9
CTTGACTCCA,CCTATTCCGG,1_15_9
TGTCCACGAG,GCTTCGTTGA,1_16_9
TGTACGCCTA,TAAGGTAACG,1_1_10
CATTCGTCGT,CACACATGTT,1_2_10
TGGTCTTAGG,GAGTATAGGT,1_3_10
GTGACCGATC,ACGAGTTGCG,1_4_10
AGAGCTTGAC,ACACAATTCG,1_5_10
GAGTAGCCTC,ACTGTTCTTG,1_6_10
CAATCCGGTT,AATGGTCTGA,1_7_10
TATCATTGCC,ATGGATCTCA,1_8_10
GTCTCTGCGA,AGATCGGCCA,1_9_10
TAGTGACTAC,GAATGTTACG,1_10_10
GATCAGCCTT,AATATGGCCA,1_11_10
TCTAGAAGGT,GAATCGGCAA,1_12_10
GTGTCTAACG,GCTAGATCGA,1_13_10
CCATAGACGT,AGACCGGAGT,1_14_10
TCTGTTCACC,AGAGCTCAGA,1_15_10
GTCTTGTCTC,AGTGTCGACT,1_16_10
CTAGAGCAGT,CAAGAACTAG,1_1_11
GCGTAGTTCA,ACTCATCTGG,1_2_11
GGTTCTTCGT,CTGGTCTCTA,1_3_11
TCGCCATGAT,AGATCAGAGG,1_4_11
CTTCTACTGG,CTGTGTTCAA,1_5_11
CTTCCATGAT,CCTTGCTTCG,1_6_11
TGTCGGATTA,CCAACTGGTT,1_7_11
GTGTGGCAAG,GATCTGAGGA,1_8_11
CCTACGGAAT,AGCTAGTGAT,1_9_11
TCTGGTCTAA,GTATAGCTCT,1_10_11
TGAATGTCCT,TCAAGCGGTA,1_11_11
CTGGTTACGT,AGACGTTAGA,1_12_11
CACTCTGCCA,AGTTACCGTA,1_13_11
GAGCAATGCG,CTGATCATTG,1_14_11
TCCGACATCT,CCGTGATCTT,1_15_11
GCTTACCGTG,GAAGTGGCCT,1_16_11
TTCTGGTAGG,CGAACTTGCG,1_1_12
TCCGCGTACT,GATAACCGGA,1_2_12
TGAGCGTGTT,CGCAATTGTA,1_3_12
TAGTAGTCTG,CAATCTAGCG,1_4_12
AGATTCGGCT,AGAAGGTCTG,1_5_12
TGGCACTGGT,CGACATACCG,1_6_12
TGCGTAACAT,TAGGATTACG,1_7_12
GGACGTGTCT,ATGTTGTTGG,1_8_12
CCACGTTATG,ACTCACTACG,1_9_12
GTTGGCCTAA,CGTAAGCGTA,1_10_12
CTCCTGGTTA,CTCAATTGGT,1_11_12
GGTCAATCAA,GGATACCTTG,1_12_12
AGGATCTGGT,AGACTGCGTG,1_13_12
GTACGGAATC,GGAGTGCCTA,1_14_12
TCCGAGTTAT,CTGCATTCGG,1_15_12
GGAAGTGCTC,ATGCATCGGA,1_16_12
GTCTTGTAAG,ACACATAGCG,1_1_13
CTACCGTGTT,ACCTTGGACG,1_2_13
GTACAGCGGT,ACAGCGTTGG,1_3_13
ACGGAATTCT,AACGGCCTAA,1_4_13
TGAGGTGATC,AGTGCCAACG,1_5_13
AGTTGTGATC,ACTATTAGCG,1_6_13
TCAACGTTCA,GTTCGGCTCT,1_7_13
TGCGATTATG,GTTCTCATCG,1_8_13
GAACATGCTC,AGGTGAGGAT,1_9_13
TGTGGAATGA,TCCTTCCACG,1_10_13
GAACCGATTG,CAACCGGACT,1_11_13
TGTACTGCGG,TCTCATCACG,1_12_13
GTGTCTCTGA,GCATGAACGT,1_13_13
CCTGAAGGAA,CATCGGAACT,1_14_13
TCCGATAGCC,GGCTAGAACA,1_15_13
CAAGCTCCGA,ACCGGATGAA,1_16_13
CATGTCAGTC,AGACTATGCG,1_1_14
CTTCTTGTAC,AGATCCTCGT,1_2_14
TAGCACGGTT,GATCAACGTA,1_3_14
CCTATTGGAA,ACGTTCATCG,1_4_14
GACCAACTGT,AGTGTTCTCT,1_5_14
TACACTGTTC,AGTTAGATCG,1_6_14
TGTGTCTAGA,ACATGAGTGG,1_7_14
AGCGACTTGT,ACAGGTGTTA,1_8_14
AAGTGAAGCC,AAGCTGTCTA,1_9_14
CCGGACTTGT,ACGAGGTTGA,1_10_14
CCTTGTGAGG,ACTTCGGCAT,1_11_14
ACAATCGGAG,AAGCTTGCGT,1_12_14
TGGCACGTCT,CGTGAGAACG,1_13_14
GTCTGTATGG,AGTTGTACCG,1_14_14
CGTACTAATG,CATTAGGTCT,1_15_14
GGTTCTGTCA,GACGGAAGAA,1_16_14
TTCCGTATAG,CATTGGCTTG,1_1_15
GGACTCTTGT,CTTGTCTACG,1_2_15
CTAAGTCGTT,AATGGAACGG,1_3_15
TGTGGATCGT,AAGACCTTGG,1_4_15
CGAATTGGCT,CCGTGTTGTA,1_5_15
CGGACGAATC,AGGAACATCG,1_6_15
CCATCTAAGT,ACGCATGGAA,1_7_15
GTGAACGAGA,CATCGATCAA,1_8_15
CTCTAACTGT,CCACGCATGA,1_9_15
TCGTGCCACT,CGTATAGCGG,1_10_15
TTGCGGAAGT,CTGATGCAAG,1_11_15
CTTCAGCTAC,CTACTTGTCG,1_12_15
GTCGCGTAAC,CAGAGTAACG,1_13_15
CAGGTGCTCT,ATTATCGCGA,1_14_15
CTATCGAATC,ACCAACGTCG,1_15_15
GTCATACGTC,GACGGAGTGA,1_16_15
CTACAGTGAC,CGTTCATAGA,1_1_16
CAATACTGGT,ACAATGACCG,1_2_16
TCAACCTGGT,CTAATGAACG,1_3_16
CGCCATGTTG,CCGATCAGTA,1_4_16
TCTGTGGTAG,ACTGTGACGG,1_5_16
CCAAGATCCG,CAGTGTATCT,1_6_16
CCACACAGCT,ACAGCGTGAA,1_7_16
CTGGTAGTCA,AACATTCGGA,1_8_16
CTTCTCACTA,AGACGGATAG,1_9_16
TCTTGGCTAC,TAACCGTTCG,1_10_16
CTACATCTGT,AGATAGTCCG,1_11_16
CCTTCGATCC,AGGAAGGCCT,1_12_16
CTTCTTACAG,AGCGGTAAGG,1_13_16
TATGATGTGG,TAATCCAACG,1_14_16
GTCAACAGCT,CGTTGTCGAG,1_15_16
GGAGATCCTG,CTGCAGAGAT,1_16_16
TTAATCCGGT,CATCTCTGTA,1_1_17
GTAGTGTTCT,ACCAATGGTA,1_2_17
AGGCACGAGT,AACCTTCACG,1_3_17
GTCAGATCCG,AGGTGTCCAG,1_4_17
CTAGACCGTA,AACAGTGACG,1_5_17
GAGAGAATGT,CTAATCGGTA,1_6_17
CGAGAGTGCT,CACGTATCGT,1_7_17
GGTAGTCCGA,AACGGCTTGG,1_8_17
GAGGAGTGTC,CTCCTATACG,1_9_17
CAAGTCGAGT,AAGTTCTACG,1_10_17
CTCTCTTCGT,ACCAGGCTTA,1_11_17
CATGAGTGCC,AGTGATGTAG,1_12_17
GTATTCGGCG,ACATGGAGTA,1_13_17
TCTAGGCGTT,CTGGAACCAA,1_14_17
CTAGGAATGG,AGGAAGCGGA,1_15_17
GGACAACCGA,CATGCATTCT,1_16_17
CTACTGTTGT,ATGGACCATA,1_1_18
CCGACTAGGT,CACTTAGCGG,1_2_18
TCCGGATGGT,AATCTCCGAG,1_3_18
TCGCAGCCTT,CTATGTACCG,1_4_18
TGGATTCCGA,CGTAACGTGG,1_5_18
GCGACGATTC,ATCAGTGTTG,1_6_18
GAGCCAACAT,ATGTTGCGGA,1_7_18
TTCTAGAGCT,TGGTCTATCG,1_8_18
GTTGCGGTGA,GTAAGATTGG,1_9_18
TCGACTTCGT,AGAGCGATCG,1_10_18
TTGCTTGCTC,GCATATTCGG,1_11_18
CCTACGAGTC,AGGCATGTCG,1_12_18
TCTCCTAAGT,GTGAGATTCA,1_13_18
CTTCCGAAGG,ACCGAGCTTC,1_14_18
TGCTCTGGTT,CAGATCTACC,1_15_18
GTGATTCTTG,ATGTGCTAGG,1_16_18
CCAGTGAGTC,ATTGAGCGTA,1_1_19
CCAACAATGT,CATATGATGG,1_2_19
TTGTCGGCCT,CATGTTGTCG,1_3_19
CTTGCTCTGT,ACAGATTCCG,1_4_19
GGTGCGAATG,ATATGACGGA,1_5_19
TGTACATCTG,TCTAGTCGGA,1_6_19
CACTCAGAGT,AATCGTGAGA,1_7_19
CGCATCGTCT,AATGCAATCG,1_8_19
TGCACATCGT,AAGCTATCCG,1_9_19
GCATCGTGTT,CAAGCTTCCT,1_10_19
TCTTAAGCGT,GACGCACAGA,1_11_19
CAAGTGTCCG,ACAGACATCG,1_12_19
TTGGTCACTT,GGATAGAGCT,1_13_19
CCTCTACGAG,AGCGTTGTTG,1_14_19
TACGGTCTTG,GCTTATACGT,1_15_19
TGGTCATCCT,CCGTGGTAGA,1_16_19
CATGTAACAC,ACCTGATTCG,1_1_20
TACTGTACGT,CATGTCGTGA,1_2_20
TACTAGCTGT,AGTGTCTATG,1_3_20
CGTGTATTAC,AAGGAGATCA,1_4_20
TTGACGTAGA,TTATCTTGCG,1_5_20
GGCTTAGTCT,GCCTTCATCA,1_6_20
CTCCTAGGAC,CAGTGAACGG,1_7_20
GGTCTGCTAC,CAACACTTCG,1_8_20
GTACCGATGT,CAACTGGTAA,1_9_20
CCAGGTACTA,CACGCATACG,1_10_20
TCTATGCGCG,GGCCTGCATT,1_11_20
ATCTTAGCCA,AGGTAGGTAA,1_12_20
AGTAGGCGTG,ACTACTTCCG,1_13_20
CCACTCACAC,CACTCCGTTG,1_14_20
TGGCTATTGC,TCCATGTTCG,1_15_20
CTTCTAGCAT,CTGTACACCG,1_16_20
CGGTAGCTTG,AACATAACGG,1_1_21
ATGTCTGGTG,ATCTATACCG,1_2_21
TCGTGTCTCC,GCAAGCTGTT,1_3_21
TCCATCTTGT,AATGCACGTA,1_4_21
GCGTGATGTC,CTAGTATTCG,1_5_21
CTTCAGGATC,CCAACTAACG,1_6_21
GACATACGGT,CGGATAATGG,1_7_21
CTACAAGGCC,ATATCACCGT,1_8_21
GTTCGACTTA,GTAATGGCCA,1_9_21
GCAATGTATG,ACATTCACGG,1_10_21
GTCTCTTGCT,GTAGTGTGAA,1_11_21
CGGTACAGCT,ATCGGCTACT,1_12_21
TCGCTTCATT,ATGTATGTCC,1_13_21
CGCCATAATT,ATCCTGATCT,1_14_21
TGAATGCGTC,TCCGATCTAG,1_15_21
GTCCAGTCTG,GTACGGCTGA,1_16_21
CTGTGTAACA,ACCGATACGG,1_1_22
GTCACGGCTT,GTATCCTGTA,1_2_22
ACGTGCGTAG,ACATGGTCTT,1_3_22
TGCAGACGTA,GTTCTGGATG,1_4_22
CCAACGGCTA,AATAGCTACG,1_5_22
TCTTCCTTGT,ACTATCTCTG,1_6_22
TACCTTGGTA,CACCTTATCG,1_7_22
GATCGTTCTG,GAACCTGTCG,1_8_22
TAGTCATCTC,GACTGTAGCG,1_9_22
AGACCGATTC,AACTCTCTGT,1_10_22
TAGTCGCGTA,TACATGGCGG,1_11_22
CCACATCGGA,ACGGCCACTT,1_12_22
TACTCTGTGG,AAGCGGATTG,1_13_22
GCGAATCGTG,AATTCCGTCG,1_14_22
TCGGCACATC,ATTGTCCGTG,1_15_22
CCGTACTGAG,CACGGTCTGT,1_16_22
AGACTCATAC,ACTCTGTTGA,1_1_23
GTTCATCCGT,CCATGGTGAA,1_2_23
TCAGAGCTGT,TAGTATACGG,1_3_23
CTCCGTAACC,ATGGTAGTGG,1_4_23
CCTGTCTTGG,AACGGAGAGG,1_5_23
CGACATGACT,CCAGGTTGTT,1_6_23
GGAACGGTTA,AAGCGTACGG,1_7_23
CGTCGTAGTC,ACACAGCGTA,1_8_23
GAGTTGTGCC,ACATGTCAGA,1_9_23
AGTCCTCGGA,AGCAGTAGAG,1_10_23
TCGCACAGAG,GATATGAACG,1_11_23
TCAGTGGACG,CAGAGCGGAA,1_12_23
CCAATAGCGA,CACGGCTATG,1_13_23
CCTGGACGAT,ATGCGATTCG,1_14_23
TCAGGTGTAC,CGTGACTATA,1_15_23
GAGTGACGAG,CTGGTCAACT,1_16_23
TTAGTGCGAG,TATTGTCACG,1_1_24
ATGGACTCCG,ACTGGTTGTA,1_2_24
AGTCTCCTGT,AAGGCCTCTA,1_3_24
CAGATTCTGT,ATAGCTCTCT,1_4_24
CCACTAGATG,ATGTCGAGAG,1_5_24
AGTTCGGATT,ACACGGTTAA,1_6_24
GCATTCGGAC,AACGTCAACG,1_7_24
TGTATTCCAC,TGAGGATAGA,1_8_24
CAAGGTCGTA,ACGGCTATAA,1_9_24
CTGATACGGA,ATCGGACAAG,1_10_24
TACGTGGATC,GGCTCCATTA,1_11_24
GACTCATCGT,CAAGTCCGTG,1_12_24
GATGGTCTCT,CCTGCTTAAG,1_13_24
CTTAGCGAGT,ACGGTACATG,1_14_24
GTTACGATCT,CAGGTAAGAT,1_15_24
TCGGAATTGA,CTCAAGTACG,1_16_24
TAACATGCCA,CTGGAATGTA,2_1_1
CCAACGTGAC,CAAGAGATCT,2_2_1
GACACTAGAG,CTAGGTTCAT,2_3_1
TGTCACTCCG,GGAACTTCCT,2_4_1
TCCTTGAACT,GGAACAACGG,2_5_1
TGCCTATCCG,GGACGAATTG,2_6_1
TCGTATTCCT,GCGAAGACTT,2_7_1
GTCTATCATG,GTATTCCGGA,2_8_1
CTAACCTCTA,CAAGAGTAGA,2_9_1
GTAAGCTCAA,GGAGCTCAAG,2_10_1
GGTATTGTGA,CAGAACCACG,2_11_1
TAGCGTGACT,GACTGATAGA,2_12_1
TACGGTTACT,GGTATTCACT,2_13_1
AGCAGTCCTG,AGAACGGCAT,2_14_1
TAGAACTCGT,GTCGTTGAGC,2_15_1
TTGCAACTGT,TGTAATCGAG,2_16_1
CTACATGGAT,AACTTGCTGG,2_1_2
TCGTGCTGTT,ATCACTTGCG,2_2_2
GTGGACGCTT,CAGTTCAGGT,2_3_2
TCTGGCCTTG,GGAAGAATGA,2_4_2
CTGTGTCTTC,CAGGCCATCA,2_5_2
TACATAGTCC,CGGACTAGAA,2_6_2
TCACCGATGG,ACGTGGTGAT,2_7_2
CTATCAGTCC,AACGAAGTCG,2_8_2
GACCTTCAGT,GACAGGTCAA,2_9_2
TCTCAGAGAA,TCCTCAGTCT,2_10_2
GGAATGGAGT,CCACAACGTC,2_11_2
GTATAGGTGA,GAGACCTCTG,2_12_2
TACCAGTAAG,GTACTGCGTA,2_13_2
TACCGCCAGT,GAACCTTGGC,2_14_2
TCACATCCTG,GTGACGTACC,2_15_2
ACGACCGATA,AAGTAGTTCG,2_16_2
CTAATGGTTC,AAGATCGGAC,2_1_3
TCTCCATTCA,GTTGGAGTAG,2_2_3
GTCAATTGCC,GCGTATACAA,2_3_3
GGTGAGTACT,GGAAGCCTTA,2_4_3
CTTACAACAG,CTGCCTATAA,2_5_3
TATTCGTACC,GAAGCTTGTA,2_6_3
TAAGTCGTGG,GTGATCTGGA,2_7_3
TCCTTAGCAA,GTTAGCTTCG,2_8_3
CACTTCGCCT,AATCCGATGG,2_9_3
TTCGGTTGAC,GAGAGTAGAA,2_10_3
TGAGATCAGT,CCACAATAGA,2_11_3
TGACGGTATA,GAGGCGGTAA,2_12_3
GTGTTCCAAT,GTCAGTTGGA,2_13_3
TCTCCAGTGT,CGATAGAGTC,2_14_3
AGAGAAGTGG,ACTGATCTCC,2_15_3
CTCAGGCCTT,AGGCCATGAC,2_16_3
CTATTGGACT,CCGGTAGATA,2_1_4
CGATTCCGTA,ACGTCGGATG,2_2_4
GAATCTGTTC,AGATGATCGG,2_3_4
GTACCGACAA,GGAAGTACAA,2_4_4
TGGATAGCTA,AGCTATGTGG,2_5_4
TCGACGATGT,CAATACGGAA,2_6_4
CAGGTATGTC,CACCTACGTC,2_7_4
TGATGGACGG,TACACTCACG,2_8_4
TTCAGGTAAC,TTACCTATCG,2_9_4
GGACTTGCGA,GGAATATCCG,2_10_4
TTAGCAGATC,CCGAGTCGAT,2_11_4
TACCTAATGG,GAGGTCAATG,2_12_4
TGGCTGGATC,GTCATCTCTT,2_13_4
TCGTCATAAC,GACGTTGTAA,2_14_4
TCACGTCTGG,CAGAATTCAG,2_15_4
TTACACGAGG,GTTGGTAACG,2_16_4
CTACTCCAAG,CGTGTGTAAG,2_1_5
CCGTTGTCAA,AGCGCTTCTT,2_2_5
GTTGCTTAGG,GGCCTAAGAG,2_3_5
TGTTGGCGTA,GGAATGCAAG,2_4_5
CTACGGTTCG,ACACTGTGGT,2_5_5
TCGAGCGTTG,GAACGAGAGA,2_6_5
TACCAGACGG,CTGGTCCGAA,2_7_5
TTCTAAGTCG,TACCTGCGTG,2_8_5
GCGTGCTATG,GACGTGATCA,2_9_5
ACGGTAGTCC,ACGCGCATCA,2_10_5
GTGGTGATTG,CCGCGACTAA,2_11_5
TCATTACGAG,GATGAACACG,2_12_5
GTTGGCATTC,GTCTTAACGG,2_13_5
TGTCTACGTT,CCTTGACAAG,2_14_5
TCGCGACGTT,CCACGAAGGT,2_15_5
TAACTCCTTG,GTAGACCATG,2_16_5
GCGTAGAGTA,AGGATCGATG,2_1_6
CCTGTCGGAT,AGCGCAGATA,2_2_6
TGACAGTGCC,GGCAATTCCA,2_3_6
TCCTGCTTCC,GGAGTTCTCA,2_4_6
TTCGTAGAAC,GTCACAAGCG,2_5_6
TCGACCACTA,GACTTCGACG,2_6_6
TGTAGCTATC,TCACGGTAGG,2_7_6
TTCACGTGCT,TGGAGTACGG,2_8_6
TACCACACCT,GGTAATGATG,2_9_6
TCCGAGACTT,GGCTCTAAGT,2_10_6
TGATGTCTGT,CCGGACCAAT,2_11_6
TTCACCATGT,GATGAAGCGG,2_12_6
TAGGTACTAG,GTGCCTACCT,2_13_6
GTCCAACGTG,GGCATAGTTG,2_14_6
TGTACTAAGC,CTTAGGTCAA,2_15_6
CATTCACGAA,ATCATGACGT,2_16_6
GCGTTCAGAT,GCGCAATTAA,2_1_7
TACGATAGGT,CATTCGGATG,2_2_7
CCATTGGTTA,CATTGAGTAG,2_3_7
GTATTCGTTC,GGATACCAGA,2_4_7
GGTTCGTGAT,CTACGACTTG,2_5_7
TCGACGGAAG,GTACACTGGA,2_6_7
ACCTTGTCGT,AAGCCTTGAA,2_7_7
CATCTGCTCG,ACGCACTCAT,2_8_7
TCTTCTAGAG,GCTTCGAGAA,2_9_7
CAGGATATGA,ACCAACCGTT,2_10_7
TGTTCGGCAA,CCGTATAGAC,2_11_7
GTCTGTAGAA,GCAAGACGGA,2_12_7
GTTCACAGAA,GTGGCATCCA,2_13_7
TCTCTTGAAG,CACATCATGA,2_14_7
GGTCATGGAA,CGACGTCAAT,2_15_7
GGTGTCACAA,GGCACTCCAT,2_16_7
CATCGCCAAG,CACTTGTGTT,2_1_8
CTATACCGAG,CGAGAACGTG,2_2_8
GGACCTCGTT,GAGCACTCTT,2_3_8
GTTCCGTATC,GGATGTGATT,2_4_8
TTGGCTCCAA,TGGTTGAGTA,2_5_8
TCGAGAGATC,GTCGAGGATG,2_6_8
GTACGTTGTT,GACGCATCTG,2_7_8
GATCGACGAT,ATCGTACGCT,2_8_8
TACCGATGAC,GGAACCAGGT,2_9_8
CGGTATTAGA,ACATCACGTC,2_10_8
TCGGTATCCA,CCTAGCGTGA,2_11_8
GTTCACAACT,GCATTGGTGT,2_12_8
TGCTTCGGAT,GTGGCCTTAG,2_13_8
TAACATGAGC,CGTGGTAATA,2_14_8
GGTCAAGTAG,GACGCGACAT,2_15_8
TGTAGACAAC,CGTGTCGGTA,2_16_8
TCATCTTCTC,CAATGAGATG,2_1_9
TCTTACTGCC,GTAGAGTAAG,2_2_9
GCGAACGGAT,CGACTATGGC,2_3_9
GTACGCTTCT,ACTCGAGGTA,2_4_9
TGTTGCCAGA,TGGAGGATCG,2_5_9
TGCGATGAGC,CTCATGCTAT,2_6_9
CATGTTCGAA,CACGTAGACT,2_7_9
TCGTCGGTAC,GCATAAGGTT,2_8_9
ACTCGGAGAG,ACGATTCGAC,2_9_9
TGAAGAGTGG,AATCCTGGAC,2_10_9
GTGGTTGGTG,CGATGTGAGA,2_11_9
TACTCCTATC,GCCAGATATG,2_12_9
TTCAACTTCC,GTTCTCAGTT,2_13_9
TCTGTTCGTT,GAGCAATAGA,2_14_9
TCAGCATGGA,GTGCTATGTA,2_15_9
TACGGAGTAC,GGCCATAGAT,2_16_9
TCTGAGGCCA,CTGACTATCG,2_1_10
GGTACGGTAG,GATCCATGGT,2_2_10
TACGGCAGTT,GGTAATGCGT,2_3_10
GGTACGACAC,CGGAACACGA,2_4_10
TTGGCTTCTT,TCAGTTGCCA,2_5_10
GTTCCTGGTC,CCTTGCGGAA,2_6_10
TGTGTCGGAG,CACGCAACTT,2_7_10
TGTGGTAGTT,CGTGAGATAA,2_8_10
GTATGTGTCA,GACATTGTGG,2_9_10
TCGGTAAGGA,AATGCGGCTA,2_10_10
GAGGATCTTG,CGCAGTCAGT,2_11_10
GTAGCGATAG,GCGAAGAGAG,2_12_10
TGTCACATAG,TATGGCCACA,2_13_10
GGAGGCAATA,GAGCTCCTCA,2_14_10
TAACGCTGTT,GTATGATCAG,2_15_10
TTAGCAGTGT,GTTGCCAAGC,2_16_10
TACGGATCAG,GTCATTCACG,2_1_11
TGGTTGTCGT,CGGAAGATAC,2_2_11
TTACGACGGT,ATCGTGATTC,2_3_11
CTTCAGAGGA,CGGAACTTAA,2_4_11
CGTTACGCCT,CCAGGAGTGT,2_5_11
TTCGCTGATT,TGGAAGCACG,2_6_11
GTCATGTGCG,ACGTCCTAGA,2_7_11
TTGGTGTCCG,ACAGACCGTG,2_8_11
CATAAGGCTG,AGCAACCTTA,2_9_11
TTGGATTGGT,AATGTCTGGC,2_10_11
TCGGTTATAG,CGGAAGTGAG,2_11_11
GGAGAGCGTT,GCGGTTAACT,2_12_11
TGCTACCATT,TCCACAGTGG,2_13_11
TTGATACTCG,TCGCGATCCT,2_14_11
GTAGAACTGG,CGTTATGGTT,2_15_11
ACTTCATCTC,ACCGAAGTGT,2_16_11
GGATAAGCAG,CATTGAAGCG,2_1_12
CCGACCATAC,ATGGTGTCGA,2_2_12
GGCACGCTAA,CTGTGGCGAA,2_3_12
CTGTTGTGAC,CGGATACTCA,2_4_12
ACGCCAATGA,ACATGGCCAA,2_5_12
CCAGGAATTC,AGCGTCCAAG,2_6_12
GCATCGTAAG,ACGCCTTACG,2_7_12
TGGTTCTCCG,GACCGTTAGG,2_8_12
TGGAGGCCTT,TGATAGGTCT,2_9_12
TCGCCACACA,ACACGTCATC,2_10_12
GGATGGTATC,CGGACCATGT,2_11_12
TATGCGTTAG,GCGTCACCAA,2_12_12
TTGGAAGAGT,TCCATTAACG,2_13_12
TTCAGAGATG,ATGCTGACTT,2_14_12
TGGCTACCTG,TCCAGCTAGG,2_15_12
CTGTTAGAAC,CGGTACCACA,2_16_12
TCAGACGGAT,CGGATCTTGC,2_1_13
TCCGGCAATG,GCCTAATGCG,2_2_13
CTAAGCAGAA,ACGGATTGGA,2_3_13
TGCTGACGGT,GACAACAACG,2_4_13
TAGACTGTCG,GCGTTGCGAA,2_5_13
GCTTCTAGTC,GCCATCTACG,2_6_13
GTGTATGTGG,ACAATCTGTC,2_7_13
TCATCTACCG,GGTACATCCA,2_8_13
GATCTAGGCG,AACGTCATGT,2_9_13
TGAGTGAGAT,ACACTCGCGT,2_10_13
TACGAACGAG,CGTAACAGTT,2_11_13
TTGACAGACA,GCGTCACGTT,2_12_13
TTCTCCTACT,TCCTGATAAG,2_13_13
TGAGTCAACG,TCAACGACTT,2_14_13
CGTACCAACT,AGCGAACGTA,2_15_13
TTCGGTACAT,CGGAAGACTG,2_16_13
GTCTACGGAT,GTATCCGCCA,2_1_14
TATCCTCTGG,GAGGTATGGA,2_2_14
TCTTCCGGAC,GGCAATACGG,2_3_14
GCGAGAACTA,AGGCCACATC,2_4_14
GTGGTGCAAC,AAGGTTACCG,2_5_14
TCTGGAGAAG,GGAAGCTACT,2_6_14
TCGACTAACC,TAAGAATCGG,2_7_14
CTTAAGGCAT,CGTCGTACAT,2_8_14
TGACTCCAAC,CGTTGGTAGG,2_9_14
GTGGCAATGT,ACCATGCATC,2_10_14
GAACAGTTGT,CGTAGAACTT,2_11_14
TGGATGACAT,GCTTGTCATG,2_12_14
TGCATGGATA,TGCAAGATTG,2_13_14
CCTTACGTTG,CCTCTGAACG,2_14_14
TAGAGAGTAG,CGGAATCCGT,2_15_14
TTCGGAACTG,GATTCGAACA,2_16_14
GTCCGTGTTA,CGGAGAAGGT,2_1_15
CATACGAAGT,ATCGCGTACG,2_2_15
GTGAAGCCAT,CGTCAGTGGT,2_3_15
ATGGCTGTGT,ACTATGTGAC,2_4_15
GCTTGTCGGT,ATACGGACAT,2_5_15
TCAACTCGTA,GGTTGACTAA,2_6_15
ACACCATATC,AATAAGGTGG,2_7_15
CAGTGTGGTG,AGTAGCCTAT,2_8_15
TCTACATGCT,GTGGAATAGG,2_9_15
AGAAGTGGAA,ACCGTACAGT,2_10_15
GTGGTTCATT,CTCTGCGGTT,2_11_15
GGTCTGAGAT,GGACACTACG,2_12_15
TTAGCGATGA,TGCGAATCGA,2_13_15
TGGAACTACA,CGTAGCATCG,2_14_15
TGTGTTAGCG,GCGGTTAGTA,2_15_15
GTTAACTGGT,ATTGTCGAAC,2_16_15
TTCATGATGG,TGAACAATCG,2_1_16
TTGTCCTCGT,AACGGTCAAT,2_2_16
GTAGCACGAT,GCTGCTGGAT,2_3_16
CCTTACGAAC,AGGTAGGACG,2_4_16
TTGCCTCAAC,AGTGGCGAAG,2_5_16
TTATCGCCAA,TGCCACCGTA,2_6_16
CGTAACTCAG,CAACCTCAGT,2_7_16
TCCAGGTATT,CTACCGGATG,2_8_16
TCCAAGGTAC,GTTGATGTTG,2_9_16
GTGAGTTGAT,ACGATCTAGC,2_10_16
GTCTAGATGT,CTGTAGATGG,2_11_16
GGTAATTCTC,GGACCATACA,2_12_16
TTCAAGGCTA,TGCTGTCCGA,2_13_16
TAGCGTCCTA,GCGGACTAAG,2_14_16
TACAACGGCT,GTAGGTTCGG,2_15_16
TGGTAGGCTC,TAGACGTGGT,2_16_16
GCTAGCCTCT,GCGCAACCTA,2_1_17
GGTGACTGAC,GGATCGAGTA,2_2_17
TACTCTCCTC,ACGGAACTAG,2_3_17
GACCAAGGAA,CAGTGGTTGT,2_4_17
GTAGTCGGAT,GCGGTAATCA,2_5_17
GTGCGTATTC,GATTATGTCG,2_6_17
TCCGTGCGTA,GAAGATCAGA,2_7_17
GGCCTACACA,CTAGGCGAGA,2_8_17
TCTACGTGAA,TATGAGATCG,2_9_17
GAAGTGAAGT,ACGGTCCTAT,2_10_17
GGTGAATTGA,CTGTTAAGCG,2_11_17
GGTAGTGTAT,GGACCTTGAA,2_12_17
GTAGGTATGC,GGCAACCTGT,2_13_17
GTTGAGCAAT,CTGGAGTATG,2_14_17
GGCTGGTGAA,CGACTCCAGA,2_15_17
TTATGGAACC,CGTTCCAGAG,2_16_17
CGTCAGGCAA,CGACGGCTTA,2_1_18
CCTTAGAATG,AGGATCCGAA,2_2_18
AGTGCCATGT,ACGGAGTATT,2_3_18
TGGAACGATC,GCGTTATCAG,2_4_18
TCTGGCAGTC,CAGACTGAGA,2_5_18
AGTGATTCAC,ACCACTGTGA,2_6_18
CTACGAGGTT,ATCCAAGGCG,2_7_18
TTAGAGCTTC,TTAAGTCACG,2_8_18
GTCCACTAGT,CTAACATACG,2_9_18
CAGAGGTGTT,ACTTAGCGTC,2_10_18
TGGACGATAA,CTTACTGGCG,2_11_18
TTCCTGTAGT,GGACGTAGGA,2_12_18
GTCAACCAAG,CTTGGAGTGA,2_13_18
GGCTATTGGT,GGCCACACTT,2_14_18
TGAGTAGAGG,CTGTCAAGGT,2_15_18
GAGGCGTTGT,ATTGGCCATC,2_16_18
CTTACCTAAG,ATGGCAAGAT,2_1_19
TATCTGAACC,GATACTATCG,2_2_19
CATTCTCAGA,ACGGATAGAT,2_3_19
TTAGGCTAAG,GATAGGCCTA,2_4_19
TTGATGCACA,TCTTGTTCCG,2_5_19
TCATGGCAAG,GTTGCCTGGA,2_6_19
CCGTTCTTCA,CAGATACTTG,2_7_19
CTTACGGAGC,CGGATAGTTC,2_8_19
CATGGAGCCA,AACATCGGTT,2_9_19
TTGTGTAGAG,AGGTTCTAAC,2_10_19
GGTGATAAGA,GAACGTACGT,2_11_19
GTGGTAAGAA,GGACTGACGT,2_12_19
TCGATCAGGC,CATGTGGTAT,2_13_19
TCGTTGACAC,GTACATGACG,2_14_19
GGCTTAGGTA,CTAGCTACTT,2_15_19
TACCGGCTAC,GGTCAACATG,2_16_19
AGCGTGTGGT,AACGGACGGA,2_1_20
GGTGCCAGTA,GAGATCCGTC,2_2_20
GACTCCTGAT,CCGGAATCAT,2_3_20
CTAGGACTCT,CCGGTAACAA,2_4_20
TAGTCCGTGT,ACCAAGCTGG,2_5_20
CTCTGGCATG,CGGTTCAAGG,2_6_20
GGTCACGATC,ACGTAAGGAC,2_7_20
GTGTGTTAAC,CCATCAGCTG,2_8_20
GCTGCATTGT,GCATGGTTAT,2_9_20
TCATGGTGGT,ATATAGGCCT,2_10_20
TGCATGTAGG,GAACTCGAGG,2_11_20
TGTCTCCTCA,GGAGAGTTAT,2_12_20
TGTCTGACTC,TAGAGACACG,2_13_20
TGCCAGATGT,CCTGCGCATT,2_14_20
TCTAAGCTCA,CATAGCTAGA,2_15_20
GTTCTAGTGA,AGACAGAACT,2_16_20
TGTCGCTTGT,GCTAATACCG,2_1_21
CTCCGGTATC,ACTCACAGGT,2_2_21
GGTCGTAGAG,CCGGATTCTA,2_3_21
TCACGCCATT,CGGAGTGTGT,2_4_21
TCCACAACAC,GGTTAGGAAT,2_5_21
TCGATGAGAA,GACTACCGTC,2_6_21
CGTATCAGGA,CGTATACTGT,2_7_21
CAACCGATAT,AGGCGGAGAT,2_8_21
TGCGGCTAAC,GATAAGTGCG,2_9_21
CAGAGTTAGT,ATGATTCGCG,2_10_21
TCCAGTGTGT,GAAGATATCC,2_11_21
GGTGAAGAGT,GGAGCACGTA,2_12_21
CTTGCGCCAT,CTCACATAGT,2_13_21
GTCAGGCTAC,GCGGCATGAA,2_14_21
CGACTTCTTG,AGGTCATCGA,2_15_21
GTTGAAGCTC,CTTACGCACG,2_16_21
TGTAAGGCAG,TGCGGACATT,2_1_22
CTTCGGTAAG,CTTCGGCACA,2_2_22
TCTTGCGTTA,GCGGAACAGT,2_3_22
TTCCGAACAA,AGACACCGGA,2_4_22
CTTGACACGT,AAGTCGGTAG,2_5_22
TCCACCGAGA,ATCTCTAGGT,2_6_22
GTGCCATTGC,GGAACACTCT,2_7_22
GACCTGAGTT,CAGACATCCT,2_8_22
ACGGATGTTG,AATCGCGTAA,2_9_22
GTGTTGTGTT,ATGCTAGAGA,2_10_22
GTCAACTACA,GAAGTTGATG,2_11_22
TTGTGTGTTG,GGCAACAGTA,2_12_22
TCTCTCTGAC,ACAGTCGAGG,2_13_22
TGCTACTGTC,CTCTGCGACA,2_14_22
GTTGAGATGG,AACATGTGTC,2_15_22
GGAGTAACTG,AGTGTCCTTC,2_16_22
AGGTTCCGTG,ACCTAGATCA,2_1_23
CTACTACACA,ATCACGACCG,2_2_23
GGACGATAGT,CCTGCATCGA,2_3_23
CTTGCGTTCC,AAGATGTGAG,2_4_23
CATGGTGCAT,CACGACTGTA,2_5_23
TCGAGGAACT,GCGAGTCACT,2_6_23
GTACAGAAGG,GTACAAGGTA,2_7_23
CGGTGTTATT,ACGTAGAATC,2_8_23
ATAGGTATCG,AATGTTCGTC,2_9_23
GGTTGCGGTT,CACGACATGC,2_10_23
TCCTCTCCAT,GACGATGGAT,2_11_23
GTAGAGAGGA,GGCTTCTTGG,2_12_23
TCCTTAAGCC,TAGTGGCTGG,2_13_23
TGCTCGTCAT,GGATCAGCGA,2_14_23
TTGGATACAG,CGCATTACCT,2_15_23
CTACACTATC,ACTGTTGTGT,2_16_23
TCGTCACTGT,GTAGGATGGT,2_1_24
TGCACAGAAC,TGAGCTTCCG,2_2_24
TTGGACCGAG,GGAACAGATT,2_3_24
CATCTCAACA,CACGCGGATT,2_4_24
TGCGTGTTGC,TCGATCCAGT,2_5_24
TCTCCACCTC,CGAGGAGATT,2_6_24
TGGTATCATG,GAATTAGCCG,2_7_24
TGCCTTGCAT,GGCTAGACTG,2_8_24
GTTAACCGAC,GGTACTTCAG,2_9_24
GTCAATGGTT,CACGGTAATT,2_10_24
GTAATCGACT,GACTCGTCAG,2_11_24
TCCAACGAAG,GGTAGTATTG,2_12_24
AGCTATGCCA,AAGCTACAGT,2_13_24
TGCTGTGTAA,TCGCATTCGA,2_14_24
TTATCCAGGA,TGGCGTTCGT,2_15_24
TGCAAGTCCG,CGGAGCGATT,2_16_24
CTTCCACCGA,CGCAACTACT,3_1_1
TCATCGTCGA,AGAATCGTGT,3_2_1
TCCATACGAT,GCTGGACACT,3_3_1
AGTTGGCAGT,AGCCAGAATC,3_4_1
GTGATGGCTC,AGCCTCCTAA,3_5_1
GATCTGCAAT,GACGAGTTCT,3_6_1
GTCATACTGA,GACGTACTCT,3_7_1
TAAGCGACAG,CCGCCTAAGA,3_8_1
GACACATTGG,AGGTGTCACC,3_9_1
TAGTCGAAGG,CGTCACTAGG,3_10_1
CCGAGACATA,ATACAGATCC,3_11_1
AGTGCTGTGA,AGGAAGTATC,3_12_1
TGAACTCACC,GCATAGATCC,3_13_1
TGATGAATCC,TAGCCTCTCA,3_14_1
GTACTAGCAA,GCCATTCAAT,3_15_1
AGTCCGAGTA,ACCGACGTTA,3_16_1
TATCCTCACT,CTACTGAGAG,3_1_2
TGTCTTGCTA,GGTTAGCGAG,3_2_2
TCGTGGAGTG,TAGGAAGGCG,3_3_2
TCGTGTACTT,GTCGGACCTA,3_4_2
TAGCAGAAGA,GACTAGTCTT,3_5_2
TGCCATACAA,GACGATATGG,3_6_2
GAGGAATTGC,AGCTGTATGT,3_7_2
TCGGCCTAGT,AGGTAATCAC,3_8_2
TTGAAGCGTT,GGTCTCGTTA,3_9_2
AGAGCGACAC,AAGTCGAACT,3_10_2
CTTCAAGCTG,AGCCACACGA,3_11_2
TTCGAGTCAG,TCACTCCGTC,3_12_2
TCCACCATAG,GCTTGCAATC,3_13_2
GCAAGTTAGA,GACTACGTGA,3_14_2
TATGCCATGA,TAGCAGCTAG,3_15_2
GACCTGGACA,ACAGGAGATG,3_16_2
CATCACGTGT,AAGGTGTTCC,3_1_3
CCGAGAAGAA,CATGGTCTAG,3_2_3
TCTCACGAGT,GGACACACAA,3_3_3
TTGAGCTGGT,TGCTAAGCGG,3_4_3
AGTCTCGCCA,AAGGCCGGTT,3_5_3
ATCGCCATCG,ACGTGAATGT,3_6_3
TAGGCATGAG,AATCACGCCT,3_7_3
TGAGTACTCC,TCAACCTCCG,3_8_3
GATAGCCAGT,GAGTGGAACG,3_9_3
TCTGACGCAC,GCCTAGAATT,3_10_3
TCCTGCTCAA,CGACACAAGT,3_11_3
TTACTACGTG,GCTGTTGTTA,3_12_3
TAGCAACGTC,GGAGAAGTAA,3_13_3
CCGTTCCATT,AGGCTTGGAG,3_14_3
AGAAGCGATA,ACAGTGATCC,3_15_3
GCAAGGTAAC,AGGCTCTGTA,3_16_3
ATCAGCTCAG,ACCGCGAAGT,3_1_4
TTAGACACTC,TCGCGTAGGT,3_2_4
TGATTCCAGG,TCCGCAACCA,3_3_4
GTGCGGAGTT,GTACAGACTT,3_4_4
TAGTGTAAGC,GGTTACTCGA,3_5_4
TGGAACGGAG,GTTAGAGGTA,3_6_4
AGAACGTGCC,ACGGACAGTA,3_7_4
GTGAACGTCG,GAACCACGCT,3_8_4
TCAACAGACC,GGACACTGAT,3_9_4
GTCGCATCAT,AACACTCGAT,3_10_4
CATACGTCAG,AAGGCGTGAT,3_11_4
TTAGAACGAC,TGGCTGTTCA,3_12_4
TCCATGCCAG,GGAGCTATTA,3_13_4
TTCGTAGCCT,TGGCGACACT,3_14_4
GTTGTGGCAC,GTTGACGTGC,3_15_4
TGCTAAGTTC,AACTGGCGTA,3_16_4
TTAGGTGCCT,CGATAGATAG,3_1_5
TACGTGTAGA,CCGAGAGTAC,3_2_5
TCCGGTTCGA,GCTTCATGTA,3_3_5
AGGCTGAATG,AACCTGCTCA,3_4_5
TTGTAGGAGC,TCTGATCCGG,3_5_5
CAACACGGTC,AGAGACTGTA,3_6_5
TACAGGTTGT,CGACAACGCT,3_7_5
TGTAGAAGCG,GCCTACCACT,3_8_5
GGAGTGATAC,CGTTGGATAT,3_9_5
GTCGCAAGTA,GCCTTCGGTT,3_10_5
GAGAAGGCAA,GAAGCGCCTT,3_11_5
CCAAGGCATG,ATGAGGCGAG,3_12_5
TCAGAACCGA,GTAAGAGCAT,3_13_5
GCTAATATGC,GCGAATATCA,3_14_5
AGGACCTTCA,ACGTGTCTGG,3_15_5
ATACAAGCAC,ACCACCATCC,3_16_5
CTAGCTCAAT,CGTTATCCGG,3_1_6
TTGCCAGCTT,GGCATATAAG,3_2_6
CTAATGCGAC,CGCATGATGT,3_3_6
CTGTTCCTGG,AGATTGTGGC,3_4_6
TCATGGCTCA,CCATAAGCCA,3_5_6
GGAATACGAC,CGGTTGTATG,3_6_6
TCTTCCACAT,GTGGAGCTAA,3_7_6
TGAGCGACCA,GCCTCCACAA,3_8_6
TTGATCTGTC,TTCGATGACG,3_9_6
TAAGCACACT,GGCTAGCTTA,3_10_6
ATTGTGCTCG,ATGGCCTTGA,3_11_6
TTCTTCGTCT,TATAGGCGAA,3_12_6
TTGCTAACGA,GTCAGTGACT,3_13_6
TGAGAGTAAC,GCGATGATAT,3_14_6
CACTATGAAC,AAGTTGCAAG,3_15_6
TGACATGCAG,ATCGCATTAG,3_16_6
CAACGATTGT,AAGCGCTAAT,3_1_7
ACCTCTCGGA,AAGCCTACTT,3_2_7
TAGGTGTGGC,GCGGAAGTAT,3_3_7
GGAGTCGACA,GAGAATGGCT,3_4_7
GATGACACTT,CCGTATAAGG,3_5_7
TTACGTGATG,GACGAGCAGT,3_6_7
GCTTGCTGAC,AGTGGACATG,3_7_7
TGCGACGACA,GCCTCTGATG,3_8_7
TTCGCATCTC,GTATCACTGC,3_9_7
CCTCACAAGC,ACTCTAGAGG,3_10_7
TCCAATGATC,GTTAAGACGT,3_11_7
TTCGAGGTGT,ATTCGCAACC,3_12_7
TAAGTCCTCA,GTGACAGTAA,3_13_7
ATCCTCGTCA,ATATCCGGAT,3_14_7
GTGATCTTAC,ATCCGGAAGC,3_15_7
CACGTAGTTG,AACACGCTGA,3_16_7
GTCTCCATGC,GCAAGAGTCG,3_1_8
GCTTGCTCCT,CAAGCGCGAT,3_2_8
GTTACACGGC,GTGCTACTAT,3_3_8
TCGCCTAATG,CGGAGGAGTA,3_4_8
TGTGAGAGGT,GGTTCCTACG,3_5_8
GATCGCTATA,CTCTGGTGAT,3_6_8
CCTTCAGTGG,AGTGGATTGG,3_7_8
GTCACCAGGA,GCCTGATGAT,3_8_8
GAGGAAGGAC,ACTTCAGCGA,3_9_8
ATGCGATCAC,ATACATCGCT,3_10_8
GCACTCATGG,GAGCTTAACA,3_11_8
GACAAGCACA,CGACACATCC,3_12_8
TGCAACCTAC,GTGACCAGAG,3_13_8
TCAGCGTAGC,GCCTATGCTA,3_14_8
CCAAGCCAGA,CAACTTGGAC,3_15_8
CTTACTAGGA,ATCCATGATG,3_16_8
TTCGGACTAA,TCTGGCCAAT,3_1_9
TCCGATTCTC,GGACACCATT,3_2_9
TGGAATCGGC,TCAGTGTCAA,3_3_9
ACGGTGAGAG,ACATCGATGC,3_4_9
CAACGGAGTT,ATAGAGTGGC,3_5_9
GAACTTGTGT,CTTATGCATC,3_6_9
CGTCGGTTCT,ATTCCTTGGT,3_7_9
GCTAACGCTT,GCCTGTTATT,3_8_9
GGTATGTACA,ACCGCACGAT,3_9_9
TTACGAGACT,TCGAATAGGA,3_10_9
CTTAGTCAGG,AACAAGGCGT,3_11_9
GTAGCAATCC,CGCGTAGTAA,3_12_9
TCTAACACTG,TAATACCGGA,3_13_9
GCTACAGATA,AGTCATTGTC,3_14_9
CACTAGGTGG,AGTCGGACAC,3_15_9
ATTCTTGTGG,AAGTAGATGC,3_16_9
TATGAGGCAT,TACGCTGCCT,3_1_10
TTGTGTGCGT,GAGCTCACAA,3_2_10
ATCCGTGAGT,AACGCGTATC,3_3_10
GGTCATTAGT,GAATATTGCC,3_4_10
GTTCCGCTAA,GCGATACTTA,3_5_10
CTATTCCAGT,CGTGGACGTA,3_6_10
CATTCGACTA,AGTCGTGTCA,3_7_10
TCTGAGCGAT,GCCTTGGAAT,3_8_10
GAGAGGTGAC,ACTCTTGCTG,3_9_10
GTAAGATGCC,ACCACTCGTC,3_10_10
GACGCATTCA,AGGTTGCTAT,3_11_10
CGCATGGCTT,ATGGCTTCAG,3_12_10
TCTGACAGGA,TAGAGGTCTA,3_13_10
TGAATCACAG,GACAGCGTTA,3_14_10
TCCTAGTTGA,GTGAGCACTG,3_15_10
GCAAGGAATT,ACGACGCCTA,3_16_10
GCGTGTGATA,CGAGTGCTTC,3_1_11
GTTCCACATT,GCGAACAATG,3_2_11
CCGTACGCTT,ACCAACGCAT,3_3_11
TGGTGGACCT,GCGGACGATA,3_4_11
CCTCCGAGAT,ATGCGGAACA,3_5_11
GAATGCCATA,ACGACACTTC,3_6_11
GGAGGAACAT,GAAGACGTCT,3_7_11
TGGAACAAGT,GCCTTGTTAA,3_8_11
GATGTCTCAC,CTGGAGACCT,3_9_11
CGTATCTCTC,CGCCAACTAA,3_10_11
GCAATAGCTT,GCAAGCGATG,3_11_11
CGACCATTCT,CCGCTGGAAT,3_12_11
TGGATAGGAC,TCATTGAGGA,3_13_11
TAGCCACCAC,GTACCAAGTC,3_14_11
ACCGTTCGAG,AACCGCACAG,3_15_11
GATTCAAGGC,GAGTTGCACA,3_16_11
TACGCTGAAG,TAACTAGCGG,3_1_12
GGAGAGAATC,GCGATTGCTG,3_2_12
TGAGAAGGTC,TCTCAGCGTG,3_3_12
CCAGTAGCAT,AGCTATCGTC,3_4_12
CAATGGAAGC,ATTCGAACGT,3_5_12
TTAATGGAGG,GCGTCCATTG,3_6_12
GTCACACATA,AGTACAGTTC,3_7_12
GGTTGCACTG,GCCTCTACTT,3_8_12
TGGTAGACGA,GGCCTTATGC,3_9_12
TTAGACGCCA,GTCGTGCGAT,3_10_12
CACCATAACA,AGATGTGTCG,3_11_12
CTGTTGGTAA,CGTCGAATAC,3_12_12
TGTGAACCTT,TCCAGGAGTA,3_13_12
TTAGAAGTCC,GCCAACTCAG,3_14_12
TTAGCTGGAC,TGAACTGTGA,3_15_12
GACCAACCTC,AATCTGCATG,3_16_12
TACTGTCTCA,GGTTCACAGT,3_1_13
GTGTAAGCAC,GTCGACTCAA,3_2_13
TAAGGCCTAT,CTTAAGAGCG,3_3_13
CCGCCATAGT,AATTCGGAGC,3_4_13
TGTTCCAGCT,AGGTACCATC,3_5_13
TACTGCGAGG,GAAGGACTCG,3_6_13
TGGTTACTGG,AGAACGCACA,3_7_13
ACTTACGCTA,AAGCCATACA,3_8_13
CTAGTCGCAC,CTAGCTGTTA,3_9_13
CTGCCTTCAC,AGTGTGCATT,3_10_13
TTGGCAAGGC,CAAGTCTGAC,3_11_13
CTACACTCCT,CGTCGAGAGT,3_12_13
TTCGAACACT,TCTTCGGAGG,3_13_13
GTGAACATTC,GCCAAGTAAT,3_14_13
TACTCGGTTA,ATGTAACGGC,3_15_13
GGTAAGTCGG,AACCGTCAGC,3_16_13
GGTTGGTCAC,CTCAGCTTCT,3_1_14
GGATTGGACG,ACTCGTATCG,3_2_14
GGTAGGCCAT,GGCTTGATCC,3_3_14
GAACACAGTT,AGCTGTTCAA,3_4_14
CTGAACGGCT,CGCTGATGAC,3_5_14
TGGTGCTATA,GCGCCTGTTA,3_6_14
TGTAAGTGCT,GACGACAATC,3_7_14
GGAGTAGTCG,GCGACCAGTT,3_8_14
GAACGAGCTG,ATCCAGCTAA,3_9_14
CCTCTGTGAA,ACTAACGTGT,3_10_14
CAACGTCGCT,AAGTACCTAG,3_11_14
GCATAGCTGG,AACCTCGGAA,3_12_14
TTGACGGTTG,TGCGTACGTG,3_13_14
TATGCGACTC,GCCAATCCTT,3_14_14
GAAGCAGAGT,CGGCATGATC,3_15_14
ATCAGATGGT,ACTGCATGAG,3_16_14
GACACGGTAT,ACCGGTTCAT,3_1_15
TTCACCAACG,GCAGAGTGGT,3_2_15
GGCCTTCAAC,GCGTAGGTTG,3_3_15
GACAGGCTCT,AGGCAACACA,3_4_15
TGCCATCCTC,TCCGGTCCTT,3_5_15
GCTAACAAGT,ACCGCATCCT,3_6_15
CTGTCTGAGT,ACAGACTCAC,3_7_15
GTGTCTGCTT,ATGAGCTCTA,3_8_15
CTTGGACATT,CCGCACAATA,3_9_15
GTAACGAACA,CGAGACATTG,3_10_15
GGATACTCTC,CCGTATCTAA,3_11_15
GTCGATCGAG,GGTATACCTA,3_12_15
TTAGATTGCC,TGGAGGTAAT,3_13_15
TCAGACATAC,GCCACCAATA,3_14_15
TTAACCACAC,TGTCCGACGT,3_15_15
TTCCACGACC,GGTACAAGTT,3_16_15
TTCAACCGTG,GAGGTAACGG,3_1_16
GTGATAGACG,GTCCTTAGCG,3_2_16
CCGAATTGAA,AACGTTGTCT,3_3_16
GTTACTCCTT,AGTAACCGCT,3_4_16
GGCACAACTA,GGAGTTAGTT,3_5_16
TCGACACGAA,GTCGATACCT,3_6_16
TTAGCCTCCT,GCTTGTACTA,3_7_16
TACCACCTTC,AAGGTTCGCT,3_8_16
CAAGTCGCCA,AGTGGCCTCA,3_9_16
TTCCTGGCTG,CTAGCCAACA,3_10_16
CCGATGTAAC,AGGACTCGCT,3_11_16
CGATCGGTAT,AGTCTACGGC,3_12_16
TTAACGTGTC,TGGCCATATA,3_13_16
GTAGCCAGAA,GCCACGAGAT,3_14_16
GTTAGGAAGG,GCCTACAGGA,3_15_16
CCGACAACGA,ATCCGACGAA,3_16_16
TCCAACAGCG,CGGTATGGAG,3_1_17
TTGTTCGACG,TAGTAAGCCA,3_2_17
TATTGGTGTC,CCGGTGTGAT,3_3_17
GATGTCGGAA,ACTGGCATGC,3_4_17
TACGCCATCC,GGATGAAGTT,3_5_17
ATACCTTGCC,AGCTCAACGT,3_6_17
GTATCGTGAC,GCGATAACCG,3_7_17
GACATCACTG,CATGGCATTA,3_8_17
CGATAAGTGT,CACGTTCAAC,3_9_17
GTAGGTCATA,CGTGAGGTTC,3_10_17
GACCAGTTAA,CGAGCATCAT,3_11_17
TTCGACCATC,TCTAACCGTC,3_12_17
CTGTGAGTGT,ATTAGCGGTT,3_13_17
GTGGATATAC,GCCACGTACA,3_14_17
GATCCTACGA,AGGCTGCCAA,3_15_17
CACTTCCACC,AGCTGGACTA,3_16_17
TCTTGTCAGC,GGTAAGTGAA,3_1_18
TTGGACAACG,TGAACGTTGG,3_2_18
CAAGCGGTGT,ACGAGGAGTC,3_3_18
TGCCTTCTCC,TGATTGAGCG,3_4_18
GGTCGGTAAT,CGTACTCGAC,3_5_18
GTGACGACTA,CGAACGTCGA,3_6_18
TAGGTACACA,TAAGATCGCT,3_7_18
TGAATCTGAC,TCCTGGATCG,3_8_18
TCCGCAATTC,CATTCCATGG,3_9_18
TTGCCTGTCT,TGGCAACAAC,3_10_18
TACACGGAGC,CGCAAGAGCT,3_11_18
CGTTCTGTGT,AAGGTCACAC,3_12_18
CACCATGCGT,ATCAGTGAAC,3_13_18
TTGTCTCACA,GCCACTCTCA,3_14_18
TCTAGACACA,GAGTGGTTAA,3_15_18
CACCACAATG,AACTGCCAAG,3_16_18
TATCGTCATC,GGACTTAACG,3_1_19
TGCTGTGAGT,GGCTCATAGC,3_2_19
TGTCGAACAG,TGGCCTGTTG,3_3_19
TATCAAGACG,GGCATGATTA,3_4_19
GGTCTATGAC,CTCAGACAGA,3_5_19
TAGGCGTACA,GTACCTTAGA,3_6_19
GAGCTTCGTT,CGACCTCTGA,3_7_19
GAGACTACTC,ACATCGCACT,3_8_19
CTAAGAGACC,ACGTGTCGTT,3_9_19
TAGACTCAGC,GCTGAGCAGA,3_10_19
TGTATCGACC,TCGAGGCTAT,3_11_19
AAGCGAACCA,AACTACGGTA,3_12_19
CGTACCTGGT,AAGTACTCTC,3_13_19
GGCAGTGGTA,GCCAGTAACC,3_14_19
CGTCTGATCA,AGTCCACCGT,3_15_19
TTACGTTAGC,TGCGCCTGAA,3_16_19
TTAGGATCCA,TGTTAGTACG,3_1_20
GAGTTCGGTA,CGTACGCAGA,3_2_20
CTATTCCTAC,CGTCCTGAAG,3_3_20
CAACATGTCC,AGCCTCAGTT,3_4_20
TGTCGACCGA,TGCGTTCACG,3_5_20
CGGATTGAAC,ACGTCGATAT,3_6_20
CTACTTCGGC,ACGAGTGATG,3_7_20
TACAGCGCAC,GTTGTTCAGA,3_8_20
GCTAAGTTGT,CGAACTTATC,3_9_20
GCATGTAGAT,GATTCGCAAG,3_10_20
TGACTCGAGT,GTCGAAGACC,3_11_20
ATGCTAAGCC,ACAATAAGGC,3_12_20
TAAGTGCATG,AAGAGCTATC,3_13_20
GCGAACTGTC,GCCAGTAGGT,3_14_20
GCATTCAACC,ATCGCTAACA,3_15_20
TAGGATGGAA,CTGAAGGTGT,3_16_20
TGTGGTTCTG,TACCGTAGGA,3_1_21
TACGCGTCGT,GCAAGCAAGC,3_2_21
TGTCGATGAT,GTACGTCCAT,3_3_21
GGTCATCTTC,GGCAATAACT,3_4_21
AGTATTCGCC,AATGAGGCCG,3_5_21
CTAACGGCAC,CGACCGTAAG,3_6_21
GTCCAGATTC,GCTGAAGATG,3_7_21
CTTCCGGTGT,ATCGAGCCAC,3_8_21
CTGACCAACC,CACGCCTTAT,3_9_21
GTGAAGGACT,ACCTTCTCCG,3_10_21
GGTGTGGTAA,CACGATAGTC,3_11_21
GAAGCCACTG,AGCTATATCC,3_12_21
GCTACACCGT,GATGTAGCTT,3_13_21
GTCTAAGGTC,GCCAGTGAAG,3_14_21
GTAACTACTG,CATGAGACGA,3_15_21
TAGGAACTCC,AAGACACTGT,3_16_21
TGCGTGGTCA,CAACTCGTGC,3_1_22
TTCCAGATCG,CATGGAAGGA,3_2_22
CATCGCGTTC,AATTGCGGAT,3_3_22
TAGACATCGA,TAATGATGCG,3_4_22
TGCGTCTCTC,GACGAACGTT,3_5_22
CATAGGCTAC,ATGGCCTGTC,3_6_22
GTCTGGAAGA,GCTGAATGCT,3_7_22
GTACTACAGT,ATCCGTTGTC,3_8_22
TGTTACGATG,CAATATCGAC,3_9_22
TGGAGTTCAA,CTATCTCAGC,3_10_22
AGGTTACGGT,AGATAACTCG,3_11_22
GAAGCATCAC,CCATCGCTAA,3_12_22
TTATCGGCTC,TCTACGACGA,3_13_22
TGTTGCGAAT,GCCATACCTG,3_14_22
CTGGCTGAAC,CTAAGAGCTA,3_15_22
GACCTTGCAC,CGAAGCGCAA,3_16_22
GGATTCGCTT,CGGAGTAAGA,3_1_23
CACTATCCGA,ATAGTGCGTC,3_2_23
ATCCGCCTAT,ACACACGTGG,3_3_23
GCTTCGCCTA,CTGTACGTAG,3_4_23
GCGTGAAGGA,GACGAATAAG,3_5_23
TGAGCGCTTA,GGTTGTTACT,3_6_23
TAGCGGAGAG,GGTATGGCTG,3_7_23
CCAAGGCTCT,ACGTCGTCCT,3_8_23
GAGAGTCTGA,GAGACGATCA,3_9_23
GTCAGCTAAT,ACCAGATGTC,3_10_23
CACGGACTTC,AACTCACGGC,3_11_23
GACCATGATA,CTGGAGATTC,3_12_23
TCAGCTACAC,GAACTGATCC,3_13_23
TAATGACAGG,GCCATAGAGG,3_14_23
CCATTAATCC,CAGTAGGCGA,3_15_23
CAGACCTATA,AGAGATGTTC,3_16_23
TTCGCGTTAA,GGTCCTATAT,3_1_24
GACAGTAAGA,AGCAGATCTT,3_2_24
GAATGCGGAG,CCAGCTGTAT,3_3_24
CAGATGGAGG,AAGGACCGTC,3_4_24
TCACACGATC,GACGAGCCAA,3_5_24
GACACGACGA,CTTGTCCGCT,3_6_24
CCACCTACAG,CAATGGCGAG,3_7_24
TCCGGAGCAT,GTCGATTAGA,3_8_24
AGCAGACCGA,ACCGTTGCTA,3_9_24
CAACGACATA,AATTGGATCC,3_10_24
TTCATCGATC,CCAGCCAGTT,3_11_24
GCATACCTCA,GAGTGTACTG,3_12_24
TATGCATGTC,GCAACCTGAG,3_13_24
TTCGCCTCGA,GCCATCCGAA,3_14_24
AGCTTGAGCT,AGCTTCCTCC,3_15_24
TTAGGAACGT,TTAAGGTCGG,3_16_24
CAGTAATCCG,AAGCTAGCAA,4_1_1
TAGGATCCTC,AGATTAGGAG,4_2_1
GCGTGCCTTA,CACCAAGATC,4_3_1
CTATGCACAC,CGTCAACGGA,4_4_1
CGTGCAGTAT,AGTAAGAACC,4_5_1
AACCTAGACC,AACCGAGGTT,4_6_1
TAGTCCAGGC,GCCAGACGTT,4_7_1
GACTAGGCAC,ACATCTGACC,4_8_1
ATAGTGAGGT,ACTCGATACC,4_9_1
GGTTACCAAC,GCTAGTGGTT,4_10_1
TCACTGACAG,AACATCCTAG,4_11_1
CTTCTCTTGC,AGTTCTCAGC,4_12_1
TGTCTTCAGA,CGTTAGGACA,4_13_1
ACACTCTTGC,AACAACACAC,4_14_1
TCTCAGGCTC,GCCTAACGGT,4_15_1
CTGCATACTC,ACAGCCTCTG,4_16_1
GTTAAGTAGC,GGCAGACATC,4_1_2
TAGTACCACC,ATCAGAGGAG,4_2_2
CGAGCGAATA,CGAGCAGTTC,4_3_2
CTACCAAGGA,CACACACCGT,4_4_2
TGAGAGCGAA,AGTCGAAGTT,4_5_2
CGCAAGAATA,CCATGGTACC,4_6_2
TCCACAGCTT,CATGGCAACC,4_7_2
CGGTTGCCTT,AGTTACGACC,4_8_2
CATGAATAGG,AGTCCGTACC,4_9_2
TCTAACTTGC,AGACAATACC,4_10_2
CTCACCGACT,CACATGCTGC,4_11_2
GTCTCAATCA,ACATTGAGAC,4_12_2
TGCTAACACC,GATGAGGACA,4_13_2
CTCTCACACT,ACCGTAACAC,4_14_2
CGCAATGCAT,AGCTTACCAC,4_15_2
CACTCCAACT,ACCTGAGCAG,4_16_2
TTCTCTCGTA,TCTCGACATG,4_1_3
GTTCAAGAGG,CCGATAGGAG,4_2_3
TCTAGACTGG,CATAGACTCG,4_3_3
TACTTACCGA,TACACTGCAA,4_4_3
CATATCCTCC,AGGTGTAGCT,4_5_3
TACGATCACC,ATAACGGCGG,4_6_3
TTATGCAAGG,ACCAGGTTCC,4_7_3
CGATGCTAGT,AGGATCAGTC,4_8_3
GAGTTAAGCT,AGTGCATATC,4_9_3
GAGTTACAGG,ATCGACGGAC,4_10_3
GCTACTAACT,AGGCACTCTG,4_11_3
CGTGATGAGG,ATAACGAGAC,4_12_3
GCTTAACTAG,GCGATGGACA,4_13_3
CTCAGAATGC,ATAATCCACC,4_14_3
GTACAATAGC,GCTGAGTTAC,4_15_3
CCTCGTCAGA,ACCTATAGCT,4_16_3
TTAGTCAGCT,GCAGTGATGA,4_1_4
TAAGTCAGAG,CTAGAAGGAG,4_2_4
TCGCCAACGT,CGTCAGAGAC,4_3_4
AAGCGAGGAG,AACAGACGAC,4_4_4
CTGGTGAAGG,AGCTTAAGGC,4_5_4
CCACAAGTAT,CATTAGCCAG,4_6_4
CAACAGGCTT,AGCCTGAGAC,4_7_4
GCGGAGATCT,GCCTGTACAC,4_8_4
TGTCGTCGAC,AATCTCACTC,4_9_4
CCTAGCAATA,ACGGTCTGAC,4_10_4
CGAAGATTGC,AACTCCTCAC,4_11_4
CTCACGATCC,AACGTCCGAC,4_12_4
GGTAACAGCG,GAAGAGCAAC,4_13_4
CTCAACTAGC,CCTAACCACC,4_14_4
GTACCGTACG,GCCATCGTAT,4_15_4
TGGTACATAC,TGGCATGCTT,4_16_4
CCGACTGTTC,AGAGGAGCTA,4_1_5
CCAAGTGATA,ATAGATCTGC,4_2_5
TGATTGGCAT,AGTGAAGCTG,4_3_5
TGAAGCAAGA,GCTATCCTAG,4_4_5
GCCTAGTGTC,GAAGGTACAG,4_5_5
GATCCTGACC,CTCTAATGGC,4_6_5
TTGCGAGGAT,ACAGCCAGAG,4_7_5
GCAATGCGGT,CATCCTCGTG,4_8_5
GGATAAGATC,CATGAAGTAC,4_9_5
TTCAGTCCTA,TGCGCTGCTA,4_10_5
CCTATGGCAG,AAGGTGAATC,4_11_5
ATCCTGCGGT,AGAGAATCTC,4_12_5
GACGGTGAGT,ATCCACAGTC,4_13_5
CAGGTCATGG,AACCGGTCTC,4_14_5
CCGTGCTAAT,ATTGCATGCT,4_15_5
ATCTGATGCC,ACCGAAGACA,4_16_5
TATACAGCTC,CTGGAGGCTA,4_1_6
CTCTCCGAAC,CCACGGATAC,4_2_6
TATCCAGTTG,GCAACTGCCA,4_3_6
ATGACTTCCA,ATATCCAGTC,4_4_6
GACTAAGCTG,CTAGAGGTCG,4_5_6
AGCTAACGAG,ACGATGAGCT,4_6_6
TGCAATGCTG,AGCATGTACC,4_7_6
GCACACGAAG,AACCAGCCTA,4_8_6
CACGAATGAT,AATCAGCTTC,4_9_6
TACCAATCTG,GTGAGGTCGA,4_10_6
CCTTAAGGTC,AACCAGTCCG,4_11_6
GCAACGTCTC,ATGAGTCAGC,4_12_6
AGGTACAGGA,ACTGCGAGCT,4_13_6
GCAGGATCTC,AAGAGAGAAC,4_14_6
AGAGTAGCAC,AAGTGGCGAC,4_15_6
TCACTTCAGC,AGCAACGAAC,4_16_6
CAGTTGCGTC,AGGAGATTAG,4_1_7
TGTCAAGCCT,TCGAGAACAG,4_2_7
TCACCATACT,GGACGTCATG,4_3_7
GTCTCTGAAT,CATTGTGACA,4_4_7
CCTATACCAT,AGCACGTATA,4_5_7
CTTGTCCATA,AAGACCGAGC,4_6_7
CTGACGCATA,CTAGACAAGC,4_7_7
ACGCTGAACC,AAGCATTAGC,4_8_7
CTAGCTGACG,CGCCATTAGC,4_9_7
ACACAGGCAA,AAGAGGCTGC,4_10_7
GGCAAGTTAC,GAGGACACAG,4_11_7
GCAGGAGGAT,GAATGTCAGC,4_12_7
AGACTAGAGC,ACTTGGTCGG,4_13_7
GCAGAAGAGC,AATCCAACAC,4_14_7
TGATCCGTCC,GGACTAGTAT,4_15_7
GTGTCCTAGC,AGTGGCTTAC,4_16_7
TTAGGACATG,GCTGTGAATT,4_1_8
GCACACTTCC,CCAGACTACA,4_2_8
CATACGGTGA,AACGAGAACC,4_3_8
GTAGCTTGAG,GGATCTAACC,4_4_8
AGCCTAACAA,AAGGCTCGGA,4_5_8
TGGAGTCTTA,TGCACTGTAT,4_6_8
CTACGTTGAG,AGAGATGACA,4_7_8
TGTCTAGCAC,CAGACCAGTC,4_8_8
GACATAGCTA,AGCAAGCTAT,4_9_8
ATTCAGGCAG,AGCAAGATGC,4_10_8
GAATGCAACT,AGAAGACTCC,4_11_8
GCAATCGAGA,GAGTACAAGC,4_12_8
GATGCAAGAG,AAGGTCGTGC,4_13_8
GCAACTCTAT,ACCAAGAGAC,4_14_8
ACTGAGAAGC,ACCTACTGGC,4_15_8
GAGAGGAAGC,ATTCTTCCAC,4_16_8
TACAAGGTCG,CATTCGTTAC,4_1_9
TCAAGGTTGC,CGAACCTACA,4_2_9
GTCGGTTACC,CTGATTGTGG,4_3_9
GCTACGTAGG,AGGATCACGG,4_4_9
CACTCGCTAT,ACAACGCCAG,4_5_9
CCAACACGAT,AGCACATCAA,4_6_9
CGACTTATGT,ATGGTTAGTC,4_7_9
GTCGTTCTAC,AGGACGCAAT,4_8_9
AGGCATCCTA,AACCACCGTG,4_9_9
CTTCGTGACT,ACACGAGTAC,4_10_9
GCATAACATG,ATCCGAGATC,4_11_9
GCACATAGAA,GAGTCTGAGC,4_12_9
AGTGCAACTT,AAGCTAGGTC,4_13_9
GCAACGATAA,AGACATGGAC,4_14_9
GTGCTGATAC,GATCGCAGTC,4_15_9
GAAGACTAGC,CAGGTTATAC,4_16_9
CCATGCAATT,CCACAGCTCA,4_1_10
TCAGACTATG,CGACAGTACA,4_2_10
TTGTCCACTG,TTGAAGCTGA,4_3_10
TACGCAATGT,GTAATAGAGC,4_4_10
ACCGACTAAT,AAGCGCCTGA,4_5_10
ACTAGTCAAG,ACTAGGCTCG,4_6_10
AGTCAGGTGT,AGTACTGAAC,4_7_10
CCTAACATCT,CCGGAGAACA,4_8_10
CGACAGAATG,CAGGAGAGAA,4_9_10
GCAATCATAC,CACAACGACC,4_10_10
GAATGTTGGT,CTTAAGCCGG,4_11_10
CTTAGTGCTG,AGTATGGAGC,4_12_10
TGCACACATG,GTTACTGACA,4_13_10
GCACATCTTA,AGTCAACCAC,4_14_10
GAATCCAGAC,ACCGCCTTAA,4_15_10
GCTTATGAGC,GAGATACCAC,4_16_10
GTCAGTACAG,GCACTCAATT,4_1_11
TACATGCCTT,GAGAGTTACA,4_2_11
TGCGACCTTG,TGCACTCGAA,4_3_11
GCTTCTCCAG,ATAGGACCAC,4_4_11
ATCTACCTAC,ACGCCAACAG,4_5_11
TGAAGGAGAG,GCGCAGTGAT,4_6_11
GCTGCGATCA,CTCAGAGTCA,4_7_11
CAGTGAGCAA,AGCGGTTACA,4_8_11
TAGCTTCACC,CTAAGCCATC,4_9_11
GCAGAGACTG,CATCAATACC,4_10_11
GCAATGTTCC,GAACAGTATC,4_11_11
GACATTCTTC,GAACGCCAAT,4_12_11
ACTCTGGCAC,ACGCATTCTC,4_13_11
GCAACCACAT,CAAGATTCAC,4_14_11
CACTGTTAGC,CACTCTAGGC,4_15_11
GCTGAACCAC,AACCTTCCTC,4_16_11
TCTAAGACCT,AGCTAAGACT,4_1_12
CTGGTGTTAG,ATGCGTGGAC,4_2_12
GCATCTTAGC,CAGAGGCTCA,4_3_12
TATATGCGGC,GCCTATATAG,4_4_12
CCTCACTTAT,ACGCCACGTA,4_5_12
GCTATGACTC,CGGATATACG,4_6_12
CCACCGAACA,AACAAGACTG,4_7_12
CCTGCCTACT,AGCTTCTACA,4_8_12
ATACCATCGA,AACAAGCTCC,4_9_12
GCAACTAATC,CGAGAATTCC,4_10_12
AGCTAGGCAG,AAGAGCGGCT,4_11_12
TGATGGTTAC,TAACGCCACG,4_12_12
TATGTCCAAG,GCTGCCATAG,4_13_12
GCATTGACAT,CACAGCTTAC,4_14_12
TTATAGAGGC,CCTAATTCAC,4_15_12
GCTGATTGGC,CAATGTCCTC,4_16_12
GATGCCTAAT,AGTCAGACTG,4_1_13
TGATAGCCAC,AGATGCCTAG,4_2_13
AGCGGTGTAT,ACTACGGATC,4_3_13
CTCCAACCTT,AACGCGGACA,4_4_13
TAGCGAGCGT,CAAGGACGAC,4_5_13
GCACTAGTCA,GACAAGGTTC,4_6_13
TTAAGGCCAC,GTTATGCTCC,4_7_13
GTAACGCATC,AAGGCGACTG,4_8_13
CACGAGATTA,AAGCCGGAAC,4_9_13
GCACGATTAG,CGAGGTTACC,4_10_13
TTCCATTGGC,TAGTGAGACC,4_11_13
TTGGCGAATC,TTGAGACGTC,4_12_13
TCTCATGCAA,GCTGTTATCC,4_13_13
GCATATGTAC,CACCTCTCAC,4_14_13
ATAGAGCGAT,ACCAGTGGAT,4_15_13
TGGTTCATCA,GCAGAGTACC,4_16_13
ACTACGATAG,ACATGCTTGT,4_1_14
TAGGACGAAC,GTGACACACT,4_2_14
TCAATTGGCG,GATAACGCCA,4_3_14
CACACAGATA,ACGGAATAAC,4_4_14
GCATACAGCG,ATGCTCACAG,4_5_14
GTCGGCCATT,GATCACATGA,4_6_14
TGGCTCAACC,TACGTGCTCG,4_7_14
CATGTACTCA,ACGTCTACGT,4_8_14
TACCACAAGC,GATGTCGTTG,4_9_14
GCAATGGCAC,CTTAGGTACC,4_10_14
GGAGAGCACA,ATACCGAGCT,4_11_14
ATGACGAGTT,ATCTCAAGTG,4_12_14
GATTGCTTGA,CGCGCCAATT,4_13_14
GCATGTCTAA,CATAGAGGAC,4_14_14
CTCACTCCGA,CCGCATATAG,4_15_14
TTGTCTGCAG,GAGAGAGACT,4_16_14
AGGACAATGC,AGATGGAACA,4_1_15
TAAGAGTTCC,CGCCTCTATA,4_2_15
GATCGGTGAA,GACTGAAGTC,4_3_15
AGAGCTGATT,AGAGAACGGC,4_4_15
CACGCTCATA,AATTGACTGC,4_5_15
TTCGACAGAT,GTCAAGCTCG,4_6_15
TCGTAGTACC,TCGATAGACT,4_7_15
GTATCAGAAC,GCCTACTTGT,4_8_15
TCACAGGACT,CGTGCTACAG,4_9_15
GCACGAACAA,GATATAGACC,4_10_15
CCAACACTCC,AATACCGACA,4_11_15
GACTTAGCAT,ACACTATCAC,4_12_15
CCATCATTAG,ACCAGGTGAG,4_13_15
GCAGGATACA,CCTCGAGAAC,4_14_15
TCACTACTCT,TCAACAAGTC,4_15_15
CGTGTTGCAC,ACTTGTCCAC,4_16_15
ACATCTCTCA,AATGTAGACG,4_1_16
TCATAGGATG,TACTTCACAG,4_2_16
GAGGTGAGAC,AGGAGTCTCG,4_3_16
GAGAGCATAG,CAACGAGTCA,4_4_16
CAATAGCTCC,AGTGAACACC,4_5_16
CGACTAGCAG,CCTTCGAAGA,4_6_16
CGTGATAGCT,CATAATCAGC,4_7_16
GAACAAGCAT,CAGGAAGACC,4_8_16
TCGTTGCCTG,CAGTCACTCG,4_9_16
GCATACGCAA,GCAGAACTCC,4_10_16
TCACGAAGAC,CAACACGACA,4_11_16
TCTACACAGC,GTCATGAATC,4_12_16
CTGTTATTGC,CAGGCACTAC,4_13_16
GCATCGACCA,CGTTATACAC,4_14_16
TTCACATACC,TTACTGAGTC,4_15_16
TGGACTGATT,GGTTCCGCAT,4_16_16
CGGACATTAC,CCTCGCCTTA,4_1_17
TTGATCAGCG,TTCCACACAG,4_2_17
CACTGACTGG,CACAGTACTG,4_3_17
TCTGTGTGCC,ACGGCTTATC,4_4_17
CTTCACTGTT,AGTGAGGAAC,4_5_17
CACGTTGCTT,CAAGCGTACC,4_6_17
CCAGTCAATG,ATCTATGGAG,4_7_17
TCAAGAGCAC,CTATACGACC,4_8_17
TGACTTAGAG,TACCGACTCG,4_9_17
AGCCAATTGC,ACTCGCCTAG,4_10_17
GTGTCTTCGG,CTAGTAAGAC,4_11_17
CTCTCCAATA,CGACCTAGAC,4_12_17
TCCGTCAAGC,GCGCTAATTG,4_13_17
GCACCTATCT,CTTGTACAAC,4_14_17
GCAACACAGG,CTAGCCTCAG,4_15_17
ACTACATTGC,AACGCCAGTC,4_16_17
CCTAGTGACC,CAGACTCGTT,4_1_18
TATCTAAGGC,GGACGGCTAT,4_2_18
ATGCAAGGTT,ACCTGTAGTC,4_3_18
CAACAAGCGA,AGCCAAGTTA,4_4_18
ATCGCCACAT,ACTGCTTACA,4_5_18
GTACGAGGAC,CCTTCAGGCT,4_6_18
GTCCTTACAT,GATAATGGAG,4_7_18
GAGATTAGGC,AACTCTACAG,4_8_18
AGTCTATCCT,AGCTTAACCG,4_9_18
GTTACCTACT,AATTCGCCTG,4_10_18
CTCAGATTAG,CCGGATTAGC,4_11_18
CTCCACTCTA,CAGTCCTCAT,4_12_18
TTCTTCTAGC,AGTGCAAGGC,4_13_18
TCCTGACTGC,GCAGCTTCAA,4_14_18
TATAGACCTG,CACAGAGCAG,4_15_18
CAGTCATAGC,ACTTAGACAC,4_16_18
TTCGTTATCC,GTATCGCTTG,4_1_19
GGATTACGTG,GGAATTGTCC,4_2_19
GAGATAGTGA,ACTCGTCGAA,4_3_19
GAGTTAGTAG,AGCTCCTTCG,4_4_19
CAACTCAGAA,ATGCACATGG,4_5_19
ATGGACATCT,ACGCCTGGTT,4_6_19
CTCTCAGTGA,CATGACGAGC,4_7_19
GTATTGAAGC,AGGCATACAG,4_8_19
ATCCATCACC,AGGTCAGAAC,4_9_19
GCGGATGGTT,CATTAGAACC,4_10_19
CTCAACGGTC,CTACGTTCTC,4_11_19
GGACATAAGC,CCTTAACAGC,4_12_19
TGATACGAGC,TAAGCACGGC,4_13_19
CGTATAAGCC,ACTACTCACC,4_14_19
TGCTTGAATG,TGAAGAGCTT,4_15_19
GAGCCTGCAA,CGAACGACAG,4_16_19
GCAGTTACTC,GAATGGACTT,4_1_20
CATAAGCGGT,CAGAGCTTCG,4_2_20
TCGAGTTAAC,CGATTCCTCG,4_3_20
GATAGCAATG,CCATGAACAG,4_4_20
GCGGTATAGC,GAACACTCGG,4_5_20
GCAAGTCCTA,ATATCGGTCG,4_6_20
CTCTAGTCCT,CCGTAGCAAC,4_7_20
GGAACTATAC,CCTAGTACAG,4_8_20
CATCTTCGGT,AGAATGCTGC,4_9_20
ATCGGTGCTT,AAGATACACC,4_10_20
GGAACCTAGC,CCTTCTTACC,4_11_20
GGACGACGAA,ACTACTAGAC,4_12_20
CCGAATACCT,ACTCCAGACA,4_13_20
GCAGGACAAC,CGATATCACC,4_14_20
CTAGAACACC,AGGTATAAGC,4_15_20
TTGTACGCAT,GATCCGACAG,4_16_20
TTGGCGTTGG,TATACAACCG,4_1_21
TTACTCTACC,TCAAGCTTAG,4_2_21
AGTCACAACA,ACACCACCAT,4_3_21
TCATAACGGC,GATGGTGCTA,4_4_21
TTGAAGTGGC,TACTACTCGG,4_5_21
GGAAGTCGAT,CATCACGCTA,4_6_21
CTCCGATTGA,CAAGAATGGC,4_7_21
ATGCACACTA,ACAGTGCCAC,4_8_21
CAATTAGCAC,ACCGGACATC,4_9_21
CTCCAAGCAA,ACCTTACACC,4_10_21
TATACCTAGC,GGCACAATCC,4_11_21
ATAGCGCATT,AGGAACTGAC,4_12_21
CGACTGACAA,CAGTCAGACA,4_13_21
CATACTCCTA,ACGAGCTACA,4_14_21
TGTCTGTAAC,GCCACAGCAA,4_15_21
AAGCTGGTAT,AACTGCTACC,4_16_21
CTAACACCTT,CGGTTGGTGT,4_1_22
CATGTGCCTA,ATAGCAGTCA,4_2_22
GTCAAGCATT,CGAGACAGAT,4_3_22
TCGACATTCC,GAATTGCGGC,4_4_22
CCGATGATGA,ACGGATATGC,4_5_22
TAGGACTTGG,GAAGTCTTCG,4_6_22
CAAGAGGCAA,ATGATGGACC,4_7_22
GAATACTCCT,ATAGCGGCAA,4_8_22
ATTACAGCGT,ACGCGGTAAC,4_9_22
ATCGAAGCTA,ACGCTGCTTC,4_10_22
GTTGAACAGC,GTTAGCCACC,4_11_22
CGTCCTTGTT,AAGCACGATC,4_12_22
TGTGATATGC,TAACCAGACA,4_13_22
TTGGTTGCGG,TCGTTACGTC,4_14_22
GAGCATTACT,GACTAGTACC,4_15_22
CACTGGTACT,CACAGATGCC,4_16_22
TCACCATTGC,CACGGACACA,4_1_23
TTGTGATCGG,AATCGGTTAC,4_2_23
GACAACGGAC,ATTGACACAG,4_3_23
ACCAGAGATA,AAGAAGCCAC,4_4_23
GGTCCTACTC,GGACAGGTTG,4_5_23
GCAGACATGT,AGAGTGGCTG,4_6_23
CTCTGGATAC,ACTCGTACTT,4_7_23
ACTAGAGCAA,ACAACCTACC,4_8_23
AGGATGCATA,ACCGTTAATC,4_9_23
GAGTTGTCAT,AACGAATCAC,4_10_23
GCAACATTGA,CACTGCATCC,4_11_23
TGAAGACCAA,TATGGCACGT,4_12_23
TACAGCATGC,CACAGCAATC,4_13_23
CATAGCGTAT,ACACAACGGT,4_14_23
TCACATGGCC,GCAATACACC,4_15_23
CCTAGGAAGC,ACACACAGAC,4_16_23
CATACAATGC,ACACAAGGAG,4_1_24
GAGGACTGAT,AGAACCTCAC,4_2_24
ATGCATGACA,AGGATGATCC,4_3_24
TGTTGCAACG,GAGAGACTTC,4_4_24
CCGTTACTCT,CAGAAGCAGA,4_5_24
CTCCTGTCTT,CAGGAGCATC,4_6_24
GAGCTGCTGT,CGAACAGCGT,4_7_24
ACGGAAGCTC,ACGAATTACC,4_8_24
CGCTGTATCG,CCACTGAAGC,4_9_24
TCGTCCTCCA,TAGATCGCAA,4_10_24
CTATCAGCAA,AGGACTTAGC,4_11_24
GAGTCAAGAA,ACATAGGACA,4_12_24
TATCGCTTCC,AAGTCAGCTA,4_13_24
CGGAGACAAG,ACCTTCCGGT,4_14_24
TTGCTACATC,TGAGCATACC,4_15_24
GAGACCAAGT,AGCGAATCCG,4_16_24